protocol,seed,model,threshold,accuracy,precision,recall,f1,auc,specificity,mcc,f2,tn,fp,fn,tp
paper_rows,42,LR,0.5,0.7951219512195122,0.7563025210084033,0.8737864077669902,0.8108108108108109,0.8787359604035789,0.7156862745098039,0.5972548367142131,0.847457627118644,73,29,13,90
paper_rows,42,DT,0.5,0.9853658536585366,1.0,0.970873786407767,0.9852216748768473,0.9854368932038835,1.0,0.9711511393019859,0.9765625,102,0,3,100
paper_rows,42,RF,0.5,0.9853658536585366,1.0,0.970873786407767,0.9852216748768473,1.0,1.0,0.9711511393019859,0.9765625,102,0,3,100
paper_rows,42,XGB,0.5,0.9853658536585366,1.0,0.970873786407767,0.9852216748768473,0.9894346087949742,1.0,0.9711511393019859,0.9765625,102,0,3,100
paper_rows,42,NB,0.5,0.8,0.7540983606557377,0.8932038834951457,0.8177777777777778,0.8705501618122977,0.7058823529411765,0.6102237111863777,0.8614232209737828,72,30,11,92
paper_rows,42,KNN,0.5,0.8341463414634146,0.8,0.8932038834951457,0.8440366972477065,0.9485532076908434,0.7745098039215687,0.6727269128324705,0.872865275142315,79,23,11,92
paper_rows,42,Stacking,0.5,0.9853658536585366,1.0,0.970873786407767,0.9852216748768473,1.0,1.0,0.9711511393019859,0.9765625,102,0,3,100
unique_rows,42,LR,0.5,0.8032786885245902,0.8,0.8484848484848485,0.8235294117647058,0.8712121212121212,0.75,0.6030710063455536,0.8383233532934131,21,7,5,28
unique_rows,42,DT,0.5,0.7213114754098361,0.75,0.7272727272727273,0.7384615384615385,0.7207792207792209,0.7142857142857143,0.4406057793017954,0.7317073170731707,20,8,9,24
unique_rows,42,RF,0.5,0.7540983606557377,0.7647058823529411,0.7878787878787878,0.7761194029850746,0.8587662337662337,0.7142857142857143,0.5038028898850895,0.7831325301204819,20,8,7,26
unique_rows,42,XGB,0.5,0.7213114754098361,0.7352941176470589,0.7575757575757576,0.746268656716418,0.8322510822510822,0.6785714285714286,0.4375701823786445,0.7530120481927711,19,9,8,25
unique_rows,42,NB,0.5,0.7868852459016393,0.8333333333333334,0.7575757575757576,0.7936507936507936,0.8841991341991342,0.8214285714285714,0.5771335508376638,0.7716049382716049,23,5,8,25
unique_rows,42,KNN,0.5,0.7868852459016393,0.7777777777777778,0.8484848484848485,0.8115942028985508,0.8376623376623378,0.7142857142857143,0.5702248022984665,0.8333333333333334,20,8,5,28
unique_rows,42,Stacking,0.5,0.7704918032786885,0.7878787878787878,0.7878787878787878,0.7878787878787878,0.8777056277056278,0.75,0.5378787878787878,0.7878787878787878,21,7,7,26
unique_rows,42,OneHot LR,0.5,0.8360655737704918,0.8484848484848485,0.8484848484848485,0.8484848484848485,0.9047619047619048,0.8214285714285714,0.6699134199134199,0.8484848484848485,23,5,5,28
unique_rows,42,Proposed,0.4,0.819672131147541,0.8235294117647058,0.8484848484848485,0.835820895522388,0.9047619047619048,0.7857142857142857,0.6362683048979794,0.8433734939759037,22,6,5,28
unique_rows,43,LR,0.5,0.7704918032786885,0.7714285714285715,0.8181818181818182,0.7941176470588235,0.895021645021645,0.7142857142857143,0.5365478031139463,0.8083832335329342,20,8,6,27
unique_rows,43,DT,0.5,0.7049180327868853,0.7419354838709677,0.696969696969697,0.71875,0.7056277056277056,0.7142857142857143,0.409926634239836,0.7055214723926381,20,8,10,23
unique_rows,43,RF,0.5,0.7868852459016393,0.7777777777777778,0.8484848484848485,0.8115942028985508,0.8566017316017316,0.7142857142857143,0.5702248022984665,0.8333333333333334,20,8,5,28
unique_rows,43,XGB,0.5,0.8032786885245902,0.8,0.8484848484848485,0.8235294117647058,0.8647186147186148,0.75,0.6030710063455536,0.8383233532934131,21,7,5,28
unique_rows,43,NB,0.5,0.7704918032786885,0.7878787878787878,0.7878787878787878,0.7878787878787878,0.8614718614718615,0.75,0.5378787878787878,0.7878787878787878,21,7,7,26
unique_rows,43,KNN,0.5,0.7868852459016393,0.7941176470588235,0.8181818181818182,0.8059701492537313,0.872835497835498,0.75,0.5700355973915344,0.8132530120481928,21,7,6,27
unique_rows,43,Stacking,0.5,0.7704918032786885,0.7878787878787878,0.7878787878787878,0.7878787878787878,0.8874458874458875,0.75,0.5378787878787878,0.7878787878787878,21,7,7,26
unique_rows,43,OneHot LR,0.5,0.7704918032786885,0.7714285714285715,0.8181818181818182,0.7941176470588235,0.8841991341991342,0.7142857142857143,0.5365478031139463,0.8083832335329342,20,8,6,27
unique_rows,43,Proposed,0.25,0.7540983606557377,0.725,0.8787878787878788,0.7945205479452054,0.8841991341991342,0.6071428571428571,0.5096484554419892,0.8430232558139535,17,11,4,29
unique_rows,44,LR,0.5,0.9016393442622951,0.9090909090909091,0.9090909090909091,0.9090909090909091,0.9242424242424242,0.8928571428571429,0.801948051948052,0.9090909090909091,25,3,3,30
unique_rows,44,DT,0.5,0.7868852459016393,0.8333333333333334,0.7575757575757576,0.7936507936507936,0.7895021645021645,0.8214285714285714,0.5771335508376638,0.7716049382716049,23,5,8,25
unique_rows,44,RF,0.5,0.8852459016393442,0.90625,0.8787878787878788,0.8923076923076924,0.9323593073593074,0.8928571428571429,0.7699801976524022,0.8841463414634146,25,3,4,29
unique_rows,44,XGB,0.5,0.8688524590163934,0.8571428571428571,0.9090909090909091,0.8823529411764706,0.8993506493506493,0.8214285714285714,0.7361174128087679,0.8982035928143712,23,5,3,30
unique_rows,44,NB,0.5,0.9016393442622951,0.9354838709677419,0.8787878787878788,0.90625,0.9437229437229437,0.9285714285714286,0.804750708270836,0.8895705521472392,26,2,4,29
unique_rows,44,KNN,0.5,0.8524590163934426,0.8529411764705882,0.8787878787878788,0.8656716417910447,0.9161255411255411,0.8214285714285714,0.7025010124044243,0.8734939759036144,23,5,4,29
unique_rows,44,Stacking,0.5,0.9180327868852459,0.9117647058823529,0.9393939393939394,0.9253731343283582,0.9404761904761905,0.8928571428571429,0.8349664274173142,0.9337349397590361,25,3,2,31
unique_rows,44,OneHot LR,0.5,0.9180327868852459,0.9117647058823529,0.9393939393939394,0.9253731343283582,0.9448051948051948,0.8928571428571429,0.8349664274173142,0.9337349397590361,25,3,2,31
unique_rows,44,Proposed,0.2,0.8852459016393442,0.8421052631578947,0.9696969696969697,0.9014084507042254,0.9448051948051948,0.7857142857142857,0.776718627563389,0.9411764705882353,22,6,1,32
unique_rows,45,LR,0.5,0.7540983606557377,0.7368421052631579,0.8484848484848485,0.7887323943661971,0.8311688311688311,0.6428571428571429,0.5052009411372186,0.8235294117647058,18,10,5,28
unique_rows,45,DT,0.5,0.8032786885245902,0.8,0.8484848484848485,0.8235294117647058,0.7992424242424243,0.75,0.6030710063455536,0.8383233532934131,21,7,5,28
unique_rows,45,RF,0.5,0.7704918032786885,0.7878787878787878,0.7878787878787878,0.7878787878787878,0.8452380952380951,0.75,0.5378787878787878,0.7878787878787878,21,7,7,26
unique_rows,45,XGB,0.5,0.7868852459016393,0.8333333333333334,0.7575757575757576,0.7936507936507936,0.8603896103896104,0.8214285714285714,0.5771335508376638,0.7716049382716049,23,5,8,25
unique_rows,45,NB,0.5,0.7377049180327869,0.7297297297297297,0.8181818181818182,0.7714285714285715,0.8214285714285715,0.6428571428571429,0.47029150127776725,0.7988165680473372,18,10,6,27
unique_rows,45,KNN,0.5,0.7540983606557377,0.75,0.8181818181818182,0.782608695652174,0.7873376623376623,0.6785714285714286,0.5033330466442233,0.8035714285714286,19,9,6,27
unique_rows,45,Stacking,0.5,0.7540983606557377,0.7647058823529411,0.7878787878787878,0.7761194029850746,0.8344155844155844,0.7142857142857143,0.5038028898850895,0.7831325301204819,20,8,7,26
unique_rows,45,OneHot LR,0.5,0.7868852459016393,0.7777777777777778,0.8484848484848485,0.8115942028985508,0.8593073593073592,0.7142857142857143,0.5702248022984665,0.8333333333333334,20,8,5,28
unique_rows,45,Proposed,0.3,0.7704918032786885,0.7435897435897436,0.8787878787878788,0.8055555555555556,0.8593073593073592,0.6428571428571429,0.5413366221676527,0.847953216374269,18,10,4,29
unique_rows,46,LR,0.5,0.8524590163934426,0.8333333333333334,0.9090909090909091,0.8695652173913043,0.9015151515151515,0.7857142857142857,0.7040083136069528,0.8928571428571429,22,6,3,30
unique_rows,46,DT,0.5,0.6721311475409836,0.76,0.5757575757575758,0.6551724137931034,0.6807359307359306,0.7857142857142857,0.3662597768609381,0.6050955414012739,22,6,14,19
unique_rows,46,RF,0.5,0.819672131147541,0.84375,0.8181818181818182,0.8307692307692308,0.9296536796536797,0.8214285714285714,0.6382304303121595,0.823170731707317,23,5,6,27
unique_rows,46,XGB,0.5,0.7377049180327869,0.7297297297297297,0.8181818181818182,0.7714285714285715,0.8885281385281386,0.6428571428571429,0.47029150127776725,0.7988165680473372,18,10,6,27
unique_rows,46,NB,0.5,0.8360655737704918,0.8108108108108109,0.9090909090909091,0.8571428571428571,0.8971861471861473,0.75,0.6723181321083574,0.8875739644970414,21,7,3,30
unique_rows,46,KNN,0.5,0.819672131147541,0.8055555555555556,0.8787878787878788,0.8405797101449275,0.8593073593073592,0.75,0.6371165579527096,0.8630952380952381,21,7,4,29
unique_rows,46,Stacking,0.5,0.8524590163934426,0.8333333333333334,0.9090909090909091,0.8695652173913043,0.9145021645021646,0.7857142857142857,0.7040083136069528,0.8928571428571429,22,6,3,30
unique_rows,46,OneHot LR,0.5,0.8524590163934426,0.8529411764705882,0.8787878787878788,0.8656716417910447,0.9318181818181819,0.8214285714285714,0.7025010124044243,0.8734939759036144,23,5,4,29
unique_rows,46,Proposed,0.3,0.819672131147541,0.7619047619047619,0.9696969696969697,0.8533333333333334,0.9318181818181819,0.6428571428571429,0.6591420219838034,0.9195402298850575,18,10,1,32
unique_rows,47,LR,0.5,0.7868852459016393,0.8333333333333334,0.7575757575757576,0.7936507936507936,0.8560606060606061,0.8214285714285714,0.5771335508376638,0.7716049382716049,23,5,8,25
unique_rows,47,DT,0.5,0.7868852459016393,0.8846153846153846,0.696969696969697,0.7796610169491526,0.79491341991342,0.8928571428571429,0.5943466518233755,0.7278481012658228,25,3,10,23
unique_rows,47,RF,0.5,0.7868852459016393,0.8333333333333334,0.7575757575757576,0.7936507936507936,0.8506493506493507,0.8214285714285714,0.5771335508376638,0.7716049382716049,23,5,8,25
unique_rows,47,XGB,0.5,0.7540983606557377,0.8461538461538461,0.6666666666666666,0.7457627118644068,0.8593073593073594,0.8571428571428571,0.5278234485917683,0.6962025316455697,24,4,11,22
unique_rows,47,NB,0.5,0.7049180327868853,0.7419354838709677,0.696969696969697,0.71875,0.8095238095238096,0.7142857142857143,0.409926634239836,0.7055214723926381,20,8,10,23
unique_rows,47,KNN,0.5,0.7868852459016393,0.8125,0.7878787878787878,0.8,0.8322510822510822,0.7857142857142857,0.5723555466420381,0.7926829268292683,22,6,7,26
unique_rows,47,Stacking,0.5,0.7868852459016393,0.8333333333333334,0.7575757575757576,0.7936507936507936,0.8430735930735931,0.8214285714285714,0.5771335508376638,0.7716049382716049,23,5,8,25
unique_rows,47,OneHot LR,0.5,0.8524590163934426,0.875,0.8484848484848485,0.8615384615384616,0.8961038961038962,0.8571428571428571,0.7041053139822809,0.8536585365853658,24,4,5,28
unique_rows,47,Proposed,0.2,0.7704918032786885,0.7567567567567568,0.8484848484848485,0.8,0.8961038961038962,0.6785714285714286,0.5376337115546307,0.8284023668639053,19,9,5,28
unique_rows,48,LR,0.5,0.7868852459016393,0.75,0.9090909090909091,0.821917808219178,0.8885281385281385,0.6428571428571429,0.5788880006133953,0.872093023255814,18,10,3,30
unique_rows,48,DT,0.5,0.7704918032786885,0.7714285714285715,0.8181818181818182,0.7941176470588235,0.7662337662337664,0.7142857142857143,0.5365478031139463,0.8083832335329342,20,8,6,27
unique_rows,48,RF,0.5,0.819672131147541,0.775,0.9393939393939394,0.8493150684931506,0.9063852813852813,0.6785714285714286,0.6481275457848015,0.9011627906976745,19,9,2,31
unique_rows,48,XGB,0.5,0.7704918032786885,0.7435897435897436,0.8787878787878788,0.8055555555555556,0.8701298701298701,0.6428571428571429,0.5413366221676527,0.847953216374269,18,10,4,29
unique_rows,48,NB,0.5,0.7868852459016393,0.75,0.9090909090909091,0.821917808219178,0.8560606060606061,0.6428571428571429,0.5788880006133953,0.872093023255814,18,10,3,30
unique_rows,48,KNN,0.5,0.7213114754098361,0.6904761904761905,0.8787878787878788,0.7733333333333333,0.8008658008658008,0.5357142857142857,0.446027198621549,0.8333333333333334,15,13,4,29
unique_rows,48,Stacking,0.5,0.7868852459016393,0.7380952380952381,0.9393939393939394,0.8266666666666667,0.8777056277056278,0.6071428571428571,0.5881037475297186,0.8908045977011494,17,11,2,31
unique_rows,48,OneHot LR,0.5,0.8032786885245902,0.7837837837837838,0.8787878787878788,0.8285714285714286,0.9134199134199135,0.7142857142857143,0.6049759218314941,0.8579881656804734,20,8,4,29
unique_rows,48,Proposed,0.3,0.7540983606557377,0.7142857142857143,0.9090909090909091,0.8,0.9134199134199135,0.5714285714285714,0.5170654730756339,0.8620689655172413,16,12,3,30
unique_rows,49,LR,0.5,0.9180327868852459,0.9117647058823529,0.9393939393939394,0.9253731343283582,0.9718614718614719,0.8928571428571429,0.8349664274173142,0.9337349397590361,25,3,2,31
unique_rows,49,DT,0.5,0.7704918032786885,0.8275862068965517,0.7272727272727273,0.7741935483870968,0.7743506493506493,0.8214285714285714,0.5475174757500252,0.7453416149068323,23,5,9,24
unique_rows,49,RF,0.5,0.9016393442622951,0.9090909090909091,0.9090909090909091,0.9090909090909091,0.9745670995670996,0.8928571428571429,0.801948051948052,0.9090909090909091,25,3,3,30
unique_rows,49,XGB,0.5,0.8688524590163934,0.9032258064516129,0.8484848484848485,0.875,0.9264069264069263,0.8928571428571429,0.738946695932336,0.8588957055214724,25,3,5,28
unique_rows,49,NB,0.5,0.8852459016393442,0.90625,0.8787878787878788,0.8923076923076924,0.971861471861472,0.8928571428571429,0.7699801976524022,0.8841463414634146,25,3,4,29
unique_rows,49,KNN,0.5,0.8852459016393442,0.90625,0.8787878787878788,0.8923076923076924,0.9393939393939394,0.8928571428571429,0.7699801976524022,0.8841463414634146,25,3,4,29
unique_rows,49,Stacking,0.5,0.9180327868852459,0.9117647058823529,0.9393939393939394,0.9253731343283582,0.9794372294372294,0.8928571428571429,0.8349664274173142,0.9337349397590361,25,3,2,31
unique_rows,49,OneHot LR,0.5,0.9344262295081968,0.9393939393939394,0.9393939393939394,0.9393939393939394,0.975108225108225,0.9285714285714286,0.8679653679653679,0.9393939393939394,26,2,2,31
unique_rows,49,Proposed,0.25,0.8688524590163934,0.8048780487804879,1.0,0.8918918918918919,0.975108225108225,0.7142857142857143,0.7582301049061971,0.953757225433526,20,8,0,33
unique_rows,50,LR,0.5,0.8688524590163934,0.8205128205128205,0.9696969696969697,0.8888888888888888,0.9383116883116883,0.75,0.7468648417873217,0.935672514619883,21,7,1,32
unique_rows,50,DT,0.5,0.8360655737704918,0.8108108108108109,0.9090909090909091,0.8571428571428571,0.8295454545454546,0.75,0.6723181321083574,0.8875739644970414,21,7,3,30
unique_rows,50,RF,0.5,0.8688524590163934,0.8048780487804879,1.0,0.8918918918918919,0.9096320346320347,0.7142857142857143,0.7582301049061971,0.953757225433526,20,8,0,33
unique_rows,50,XGB,0.5,0.8360655737704918,0.7948717948717948,0.9393939393939394,0.8611111111111112,0.9318181818181819,0.7142857142857143,0.678355435247432,0.9064327485380117,20,8,2,31
unique_rows,50,NB,0.5,0.8688524590163934,0.8571428571428571,0.9090909090909091,0.8823529411764706,0.9512987012987013,0.8214285714285714,0.7361174128087679,0.8982035928143712,23,5,3,30
unique_rows,50,KNN,0.5,0.8360655737704918,0.8108108108108109,0.9090909090909091,0.8571428571428571,0.908008658008658,0.75,0.6723181321083574,0.8875739644970414,21,7,3,30
unique_rows,50,Stacking,0.5,0.8852459016393442,0.825,1.0,0.9041095890410958,0.946969696969697,0.75,0.7866066361276136,0.9593023255813954,21,7,0,33
unique_rows,50,OneHot LR,0.5,0.9508196721311475,0.9166666666666666,1.0,0.9565217391304348,0.9632034632034633,0.8928571428571429,0.9046835805696823,0.9821428571428571,25,3,0,33
unique_rows,50,Proposed,0.4,0.9016393442622951,0.8461538461538461,1.0,0.9166666666666666,0.9632034632034633,0.7857142857142857,0.8153742483272113,0.9649122807017544,22,6,0,33
unique_rows,51,LR,0.5,0.8688524590163934,0.9032258064516129,0.8484848484848485,0.875,0.9188311688311689,0.8928571428571429,0.738946695932336,0.8588957055214724,25,3,5,28
unique_rows,51,DT,0.5,0.7049180327868853,0.7586206896551724,0.6666666666666666,0.7096774193548387,0.7083333333333334,0.75,0.41576770840978244,0.6832298136645962,21,7,11,22
unique_rows,51,RF,0.5,0.8360655737704918,0.8709677419354839,0.8181818181818182,0.84375,0.9161255411255411,0.8571428571428571,0.673142683593836,0.8282208588957055,24,4,6,27
unique_rows,51,XGB,0.5,0.8032786885245902,0.8387096774193549,0.7878787878787878,0.8125,0.8982683982683982,0.8214285714285714,0.607338671255336,0.7975460122699386,23,5,7,26
unique_rows,51,NB,0.5,0.8688524590163934,0.9310344827586207,0.8181818181818182,0.8709677419354839,0.8928571428571428,0.9285714285714286,0.7451421267603893,0.8385093167701864,26,2,6,27
unique_rows,51,KNN,0.5,0.8524590163934426,0.875,0.8484848484848485,0.8615384615384616,0.9085497835497837,0.8571428571428571,0.7041053139822809,0.8536585365853658,24,4,5,28
unique_rows,51,Stacking,0.5,0.8524590163934426,0.9,0.8181818181818182,0.8571428571428571,0.9372294372294372,0.8928571428571429,0.7087415755146639,0.8333333333333334,25,3,6,27
unique_rows,51,OneHot LR,0.5,0.8852459016393442,0.90625,0.8787878787878788,0.8923076923076924,0.948051948051948,0.8928571428571429,0.7699801976524022,0.8841463414634146,25,3,4,29
unique_rows,51,Proposed,0.2,0.8524590163934426,0.8157894736842105,0.9393939393939394,0.8732394366197183,0.948051948051948,0.75,0.7088392059568465,0.9117647058823529,21,7,2,31
