model,accuracy_mean,accuracy_std,precision_mean,precision_std,recall_mean,recall_std,f1_mean,f1_std,auc_mean,auc_std,specificity_mean,specificity_std,mcc_mean,mcc_std,f2_mean,f2_std
DT,0.7557377049180328,0.052099175678920334,0.7938330480610792,0.045666053271308564,0.7424242424242424,0.09609241207293154,0.764435664656291,0.05948578222218195,0.756926406926407,0.049512116341892835,0.7714285714285715,0.05880518588204033,0.5163494518791274,0.10149497192125878,0.7504629350299328,0.08088522143034825
KNN,0.8081967213114755,0.050112596800482516,0.8075429158149745,0.06189216140757886,0.8545454545454545,0.037250684675930845,0.8290746744062772,0.03980891263105536,0.8662337662337662,0.051572667678867895,0.7535714285714286,0.1002406401667661,0.6147997405697986,0.10014191956780369,0.843814209066023,0.03379468762310985
LR,0.8311475409836065,0.0578564412352631,0.8269531585296092,0.06474845319767959,0.8757575757575757,0.06299986314954616,0.8489866204759158,0.05079786785652195,0.8996753246753247,0.04113519164763353,0.7785714285714286,0.09642122253007898,0.6627575632739754,0.11656728172909547,0.8644185171966916,0.05465331755205412
NB,0.8147540983606557,0.06694825418925367,0.828359935649285,0.07761853410415248,0.8363636363636363,0.07311903462971255,0.8302647193739835,0.06130025300101375,0.888961038961039,0.05433623801801674,0.7892857142857144,0.10707669915128026,0.6302427052448203,0.1351023571679414,0.8333918557538436,0.06483109907917319
OneHot LR,0.8590163934426229,0.062400447753530944,0.8583491469888529,0.06247455655148248,0.8878787878787879,0.0554176433306877,0.8723574735503583,0.05502393389244118,0.922077922077922,0.03683895356773372,0.825,0.08324825589070046,0.7165863847148799,0.12648492444604684,0.8814760171279816,0.054123643037987196
Proposed,0.8196721311475409,0.05572698921959333,0.7833993020078122,0.04881850295253578,0.9242424242424242,0.05933000062864004,0.8472436778238984,0.04663300989490656,0.922077922077922,0.03683895356773372,0.6964285714285714,0.07941466704837102,0.6460256775875333,0.11571051087677109,0.8915972211036198,0.05200413429602244
RF,0.8229508196721312,0.04996340743459,0.827363248114972,0.05405679166186531,0.8545454545454545,0.07666127661014253,0.8386367979966082,0.047284438840824713,0.8979978354978355,0.043279708061598615,0.7857142857142858,0.08074202360863414,0.6478699045097456,0.10298210001647234,0.8475498446892754,0.061399308874803854
Stacking,0.8295081967213115,0.06335028085765874,0.8293754774637128,0.061978899882221127,0.8666666666666666,0.08712670162766799,0.8453758371292084,0.059072616147945775,0.903896103896104,0.047484395744111806,0.7857142857142858,0.0922138891954147,0.6614087144093906,0.12815312345845237,0.8574262323140756,0.07267373916200665
XGB,0.7950819672131147,0.051406797055264415,0.8082050906339331,0.05804265048678149,0.8212121212121213,0.08137427903483975,0.8117159753268034,0.04966002314161277,0.8831168831168832,0.0315280130107372,0.7642857142857143,0.09097606273591809,0.5917984526842922,0.1031427291925516,0.8166990714968758,0.06600981775542737
