protocol,seed,part,record_id
paper_rows,42,train,835
paper_rows,42,train,137
paper_rows,42,train,534
paper_rows,42,train,495
paper_rows,42,train,244
paper_rows,42,train,770
paper_rows,42,train,530
paper_rows,42,train,572
paper_rows,42,train,827
paper_rows,42,train,411
paper_rows,42,train,716
paper_rows,42,train,436
paper_rows,42,train,859
paper_rows,42,train,808
paper_rows,42,train,371
paper_rows,42,train,78
paper_rows,42,train,29
paper_rows,42,train,380
paper_rows,42,train,280
paper_rows,42,train,299
paper_rows,42,train,662
paper_rows,42,train,655
paper_rows,42,train,309
paper_rows,42,train,165
paper_rows,42,train,578
paper_rows,42,train,178
paper_rows,42,train,1002
paper_rows,42,train,65
paper_rows,42,train,141
paper_rows,42,train,467
paper_rows,42,train,388
paper_rows,42,train,849
paper_rows,42,train,425
paper_rows,42,train,333
paper_rows,42,train,684
paper_rows,42,train,887
paper_rows,42,train,423
paper_rows,42,train,972
paper_rows,42,train,221
paper_rows,42,train,275
paper_rows,42,train,235
paper_rows,42,train,327
paper_rows,42,train,192
paper_rows,42,train,529
paper_rows,42,train,49
paper_rows,42,train,990
paper_rows,42,train,2
paper_rows,42,train,940
paper_rows,42,train,787
paper_rows,42,train,926
paper_rows,42,train,249
paper_rows,42,train,552
paper_rows,42,train,949
paper_rows,42,train,1021
paper_rows,42,train,94
paper_rows,42,train,33
paper_rows,42,train,259
paper_rows,42,train,204
paper_rows,42,train,346
paper_rows,42,train,593
paper_rows,42,train,328
paper_rows,42,train,77
paper_rows,42,train,84
paper_rows,42,train,1005
paper_rows,42,train,82
paper_rows,42,train,370
paper_rows,42,train,936
paper_rows,42,train,895
paper_rows,42,train,535
paper_rows,42,train,382
paper_rows,42,train,718
paper_rows,42,train,298
paper_rows,42,train,5
paper_rows,42,train,430
paper_rows,42,train,604
paper_rows,42,train,97
paper_rows,42,train,286
paper_rows,42,train,381
paper_rows,42,train,890
paper_rows,42,train,281
paper_rows,42,train,266
paper_rows,42,train,448
paper_rows,42,train,707
paper_rows,42,train,323
paper_rows,42,train,408
paper_rows,42,train,898
paper_rows,42,train,538
paper_rows,42,train,118
paper_rows,42,train,693
paper_rows,42,train,250
paper_rows,42,train,664
paper_rows,42,train,666
paper_rows,42,train,9
paper_rows,42,train,196
paper_rows,42,train,712
paper_rows,42,train,81
paper_rows,42,train,583
paper_rows,42,train,507
paper_rows,42,train,668
paper_rows,42,train,239
paper_rows,42,train,312
paper_rows,42,train,211
paper_rows,42,train,861
paper_rows,42,train,1020
paper_rows,42,train,479
paper_rows,42,train,227
paper_rows,42,train,910
paper_rows,42,train,362
paper_rows,42,train,967
paper_rows,42,train,177
paper_rows,42,train,884
paper_rows,42,train,938
paper_rows,42,train,499
paper_rows,42,train,679
paper_rows,42,train,483
paper_rows,42,train,7
paper_rows,42,train,155
paper_rows,42,train,557
paper_rows,42,train,665
paper_rows,42,train,513
paper_rows,42,train,424
paper_rows,42,train,799
paper_rows,42,train,584
paper_rows,42,train,357
paper_rows,42,train,596
paper_rows,42,train,958
paper_rows,42,train,585
paper_rows,42,train,445
paper_rows,42,train,851
paper_rows,42,train,601
paper_rows,42,train,728
paper_rows,42,train,478
paper_rows,42,train,896
paper_rows,42,train,228
paper_rows,42,train,866
paper_rows,42,train,749
paper_rows,42,train,212
paper_rows,42,train,79
paper_rows,42,train,148
paper_rows,42,train,302
paper_rows,42,train,798
paper_rows,42,train,633
paper_rows,42,train,523
paper_rows,42,train,365
paper_rows,42,train,43
paper_rows,42,train,846
paper_rows,42,train,133
paper_rows,42,train,567
paper_rows,42,train,311
paper_rows,42,train,626
paper_rows,42,train,597
paper_rows,42,train,810
paper_rows,42,train,0
paper_rows,42,train,316
paper_rows,42,train,867
paper_rows,42,train,954
paper_rows,42,train,551
paper_rows,42,train,548
paper_rows,42,train,947
paper_rows,42,train,398
paper_rows,42,train,172
paper_rows,42,train,125
paper_rows,42,train,422
paper_rows,42,train,449
paper_rows,42,train,587
paper_rows,42,train,925
paper_rows,42,train,90
paper_rows,42,train,963
paper_rows,42,train,181
paper_rows,42,train,363
paper_rows,42,train,274
paper_rows,42,train,917
paper_rows,42,train,69
paper_rows,42,train,291
paper_rows,42,train,131
paper_rows,42,train,300
paper_rows,42,train,453
paper_rows,42,train,326
paper_rows,42,train,144
paper_rows,42,train,544
paper_rows,42,train,960
paper_rows,42,train,660
paper_rows,42,train,135
paper_rows,42,train,435
paper_rows,42,train,164
paper_rows,42,train,28
paper_rows,42,train,792
paper_rows,42,train,193
paper_rows,42,train,752
paper_rows,42,train,657
paper_rows,42,train,817
paper_rows,42,train,169
paper_rows,42,train,759
paper_rows,42,train,140
paper_rows,42,train,173
paper_rows,42,train,6
paper_rows,42,train,1006
paper_rows,42,train,755
paper_rows,42,train,669
paper_rows,42,train,73
paper_rows,42,train,703
paper_rows,42,train,442
paper_rows,42,train,238
paper_rows,42,train,145
paper_rows,42,train,813
paper_rows,42,train,234
paper_rows,42,train,220
paper_rows,42,train,506
paper_rows,42,train,678
paper_rows,42,train,132
paper_rows,42,train,1017
paper_rows,42,train,750
paper_rows,42,train,675
paper_rows,42,train,185
paper_rows,42,train,41
paper_rows,42,train,630
paper_rows,42,train,108
paper_rows,42,train,653
paper_rows,42,train,56
paper_rows,42,train,433
paper_rows,42,train,784
paper_rows,42,train,581
paper_rows,42,train,882
paper_rows,42,train,24
paper_rows,42,train,816
paper_rows,42,train,785
paper_rows,42,train,547
paper_rows,42,train,638
paper_rows,42,train,714
paper_rows,42,train,950
paper_rows,42,train,338
paper_rows,42,train,51
paper_rows,42,train,383
paper_rows,42,train,531
paper_rows,42,train,943
paper_rows,42,train,652
paper_rows,42,train,264
paper_rows,42,train,847
paper_rows,42,train,731
paper_rows,42,train,930
paper_rows,42,train,444
paper_rows,42,train,395
paper_rows,42,train,533
paper_rows,42,train,477
paper_rows,42,train,18
paper_rows,42,train,736
paper_rows,42,train,514
paper_rows,42,train,980
paper_rows,42,train,462
paper_rows,42,train,367
paper_rows,42,train,83
paper_rows,42,train,61
paper_rows,42,train,1016
paper_rows,42,train,272
paper_rows,42,train,285
paper_rows,42,train,360
paper_rows,42,train,354
paper_rows,42,train,988
paper_rows,42,train,278
paper_rows,42,train,12
paper_rows,42,train,182
paper_rows,42,train,368
paper_rows,42,train,519
paper_rows,42,train,635
paper_rows,42,train,223
paper_rows,42,train,591
paper_rows,42,train,913
paper_rows,42,train,696
paper_rows,42,train,732
paper_rows,42,train,465
paper_rows,42,train,602
paper_rows,42,train,628
paper_rows,42,train,176
paper_rows,42,train,685
paper_rows,42,train,892
paper_rows,42,train,605
paper_rows,42,train,456
paper_rows,42,train,536
paper_rows,42,train,393
paper_rows,42,train,163
paper_rows,42,train,248
paper_rows,42,train,834
paper_rows,42,train,907
paper_rows,42,train,689
paper_rows,42,train,375
paper_rows,42,train,412
paper_rows,42,train,74
paper_rows,42,train,113
paper_rows,42,train,588
paper_rows,42,train,824
paper_rows,42,train,390
paper_rows,42,train,104
paper_rows,42,train,114
paper_rows,42,train,417
paper_rows,42,train,970
paper_rows,42,train,457
paper_rows,42,train,409
paper_rows,42,train,92
paper_rows,42,train,582
paper_rows,42,train,89
paper_rows,42,train,336
paper_rows,42,train,1015
paper_rows,42,train,944
paper_rows,42,train,976
paper_rows,42,train,888
paper_rows,42,train,625
paper_rows,42,train,613
paper_rows,42,train,631
paper_rows,42,train,11
paper_rows,42,train,396
paper_rows,42,train,549
paper_rows,42,train,42
paper_rows,42,train,167
paper_rows,42,train,416
paper_rows,42,train,777
paper_rows,42,train,426
paper_rows,42,train,904
paper_rows,42,train,987
paper_rows,42,train,704
paper_rows,42,train,802
paper_rows,42,train,257
paper_rows,42,train,335
paper_rows,42,train,15
paper_rows,42,train,649
paper_rows,42,train,324
paper_rows,42,train,873
paper_rows,42,train,222
paper_rows,42,train,179
paper_rows,42,train,1010
paper_rows,42,train,521
paper_rows,42,train,22
paper_rows,42,train,356
paper_rows,42,train,977
paper_rows,42,train,883
paper_rows,42,train,340
paper_rows,42,train,431
paper_rows,42,train,568
paper_rows,42,train,855
paper_rows,42,train,203
paper_rows,42,train,650
paper_rows,42,train,93
paper_rows,42,train,575
paper_rows,42,train,68
paper_rows,42,train,858
paper_rows,42,train,284
paper_rows,42,train,826
paper_rows,42,train,434
paper_rows,42,train,153
paper_rows,42,train,75
paper_rows,42,train,751
paper_rows,42,train,446
paper_rows,42,train,188
paper_rows,42,train,271
paper_rows,42,train,236
paper_rows,42,train,487
paper_rows,42,train,559
paper_rows,42,train,117
paper_rows,42,train,964
paper_rows,42,train,512
paper_rows,42,train,570
paper_rows,42,train,611
paper_rows,42,train,126
paper_rows,42,train,116
paper_rows,42,train,473
paper_rows,42,train,713
paper_rows,42,train,57
paper_rows,42,train,694
paper_rows,42,train,934
paper_rows,42,train,369
paper_rows,42,train,268
paper_rows,42,train,46
paper_rows,42,train,349
paper_rows,42,train,195
paper_rows,42,train,102
paper_rows,42,train,953
paper_rows,42,train,711
paper_rows,42,train,757
paper_rows,42,train,263
paper_rows,42,train,443
paper_rows,42,train,695
paper_rows,42,train,304
paper_rows,42,train,341
paper_rows,42,train,618
paper_rows,42,train,993
paper_rows,42,train,149
paper_rows,42,train,124
paper_rows,42,train,807
paper_rows,42,train,844
paper_rows,42,train,50
paper_rows,42,train,353
paper_rows,42,train,951
paper_rows,42,train,142
paper_rows,42,train,470
paper_rows,42,train,399
paper_rows,42,train,820
paper_rows,42,train,320
paper_rows,42,train,19
paper_rows,42,train,971
paper_rows,42,train,811
paper_rows,42,train,830
paper_rows,42,train,407
paper_rows,42,train,537
paper_rows,42,train,721
paper_rows,42,train,38
paper_rows,42,train,175
paper_rows,42,train,245
paper_rows,42,train,850
paper_rows,42,train,687
paper_rows,42,train,946
paper_rows,42,train,880
paper_rows,42,train,154
paper_rows,42,train,287
paper_rows,42,train,622
paper_rows,42,train,569
paper_rows,42,train,764
paper_rows,42,train,17
paper_rows,42,train,127
paper_rows,42,train,322
paper_rows,42,train,255
paper_rows,42,train,677
paper_rows,42,train,991
paper_rows,42,train,190
paper_rows,42,train,115
paper_rows,42,train,636
paper_rows,42,train,606
paper_rows,42,train,180
paper_rows,42,train,301
paper_rows,42,train,780
paper_rows,42,train,874
paper_rows,42,train,800
paper_rows,42,train,705
paper_rows,42,train,823
paper_rows,42,train,517
paper_rows,42,train,1011
paper_rows,42,train,45
paper_rows,42,train,941
paper_rows,42,train,157
paper_rows,42,train,765
paper_rows,42,train,171
paper_rows,42,train,16
paper_rows,42,train,511
paper_rows,42,train,48
paper_rows,42,train,998
paper_rows,42,train,923
paper_rows,42,train,515
paper_rows,42,train,706
paper_rows,42,train,480
paper_rows,42,train,283
paper_rows,42,train,739
paper_rows,42,train,885
paper_rows,42,train,225
paper_rows,42,train,26
paper_rows,42,train,803
paper_rows,42,train,437
paper_rows,42,train,981
paper_rows,42,train,364
paper_rows,42,train,229
paper_rows,42,train,37
paper_rows,42,train,992
paper_rows,42,train,374
paper_rows,42,train,469
paper_rows,42,train,994
paper_rows,42,train,872
paper_rows,42,train,914
paper_rows,42,train,746
paper_rows,42,train,194
paper_rows,42,train,876
paper_rows,42,train,886
paper_rows,42,train,503
paper_rows,42,train,996
paper_rows,42,train,852
paper_rows,42,train,579
paper_rows,42,train,995
paper_rows,42,train,162
paper_rows,42,train,722
paper_rows,42,train,152
paper_rows,42,train,916
paper_rows,42,train,720
paper_rows,42,train,956
paper_rows,42,train,111
paper_rows,42,train,226
paper_rows,42,train,708
paper_rows,42,train,103
paper_rows,42,train,421
paper_rows,42,train,419
paper_rows,42,train,933
paper_rows,42,train,586
paper_rows,42,train,801
paper_rows,42,train,672
paper_rows,42,train,119
paper_rows,42,train,53
paper_rows,42,train,151
paper_rows,42,train,403
paper_rows,42,train,969
paper_rows,42,train,207
paper_rows,42,train,658
paper_rows,42,train,865
paper_rows,42,train,783
paper_rows,42,train,8
paper_rows,42,train,829
paper_rows,42,train,36
paper_rows,42,train,452
paper_rows,42,train,651
paper_rows,42,train,253
paper_rows,42,train,303
paper_rows,42,train,767
paper_rows,42,train,571
paper_rows,42,train,623
paper_rows,42,train,730
paper_rows,42,train,740
paper_rows,42,train,262
paper_rows,42,train,610
paper_rows,42,train,297
paper_rows,42,train,414
paper_rows,42,train,150
paper_rows,42,train,809
paper_rows,42,train,640
paper_rows,42,train,911
paper_rows,42,train,550
paper_rows,42,train,899
paper_rows,42,train,488
paper_rows,42,train,710
paper_rows,42,train,147
paper_rows,42,train,146
paper_rows,42,train,741
paper_rows,42,train,997
paper_rows,42,train,760
paper_rows,42,train,659
paper_rows,42,train,348
paper_rows,42,train,463
paper_rows,42,train,325
paper_rows,42,train,186
paper_rows,42,train,123
paper_rows,42,train,974
paper_rows,42,train,608
paper_rows,42,train,143
paper_rows,42,train,985
paper_rows,42,train,197
paper_rows,42,train,609
paper_rows,42,train,279
paper_rows,42,train,293
paper_rows,42,train,400
paper_rows,42,train,122
paper_rows,42,train,183
paper_rows,42,train,202
paper_rows,42,train,438
paper_rows,42,train,246
paper_rows,42,train,415
paper_rows,42,train,814
paper_rows,42,train,786
paper_rows,42,train,928
paper_rows,42,train,789
paper_rows,42,train,909
paper_rows,42,train,129
paper_rows,42,train,637
paper_rows,42,train,402
paper_rows,42,train,1000
paper_rows,42,train,908
paper_rows,42,train,735
paper_rows,42,train,935
paper_rows,42,train,219
paper_rows,42,train,641
paper_rows,42,train,937
paper_rows,42,train,773
paper_rows,42,train,828
paper_rows,42,train,945
paper_rows,42,train,624
paper_rows,42,train,1024
paper_rows,42,train,781
paper_rows,42,train,386
paper_rows,42,train,999
paper_rows,42,train,509
paper_rows,42,train,267
paper_rows,42,train,841
paper_rows,42,train,441
paper_rows,42,train,496
paper_rows,42,train,112
paper_rows,42,train,691
paper_rows,42,train,232
paper_rows,42,train,891
paper_rows,42,train,607
paper_rows,42,train,671
paper_rows,42,train,373
paper_rows,42,train,1008
paper_rows,42,train,864
paper_rows,42,train,233
paper_rows,42,train,806
paper_rows,42,train,676
paper_rows,42,train,317
paper_rows,42,train,648
paper_rows,42,train,410
paper_rows,42,train,920
paper_rows,42,train,709
paper_rows,42,train,358
paper_rows,42,train,258
paper_rows,42,train,744
paper_rows,42,train,627
paper_rows,42,train,632
paper_rows,42,train,282
paper_rows,42,train,376
paper_rows,42,train,384
paper_rows,42,train,224
paper_rows,42,train,979
paper_rows,42,train,836
paper_rows,42,train,472
paper_rows,42,train,347
paper_rows,42,train,505
paper_rows,42,train,639
paper_rows,42,train,1014
paper_rows,42,train,797
paper_rows,42,train,952
paper_rows,42,train,927
paper_rows,42,train,619
paper_rows,42,train,877
paper_rows,42,train,825
paper_rows,42,train,645
paper_rows,42,train,868
paper_rows,42,train,556
paper_rows,42,train,984
paper_rows,42,train,577
paper_rows,42,train,795
paper_rows,42,train,85
paper_rows,42,train,242
paper_rows,42,train,698
paper_rows,42,train,159
paper_rows,42,train,524
paper_rows,42,train,35
paper_rows,42,train,540
paper_rows,42,train,170
paper_rows,42,train,654
paper_rows,42,train,912
paper_rows,42,train,879
paper_rows,42,train,869
paper_rows,42,train,968
paper_rows,42,train,733
paper_rows,42,train,95
paper_rows,42,train,563
paper_rows,42,train,240
paper_rows,42,train,742
paper_rows,42,train,574
paper_rows,42,train,690
paper_rows,42,train,460
paper_rows,42,train,553
paper_rows,42,train,900
paper_rows,42,train,206
paper_rows,42,train,392
paper_rows,42,train,794
paper_rows,42,train,397
paper_rows,42,train,766
paper_rows,42,train,870
paper_rows,42,train,217
paper_rows,42,train,4
paper_rows,42,train,768
paper_rows,42,train,642
paper_rows,42,train,919
paper_rows,42,train,612
paper_rows,42,train,738
paper_rows,42,train,546
paper_rows,42,train,725
paper_rows,42,train,683
paper_rows,42,train,98
paper_rows,42,train,804
paper_rows,42,train,727
paper_rows,42,train,573
paper_rows,42,train,406
paper_rows,42,train,502
paper_rows,42,train,47
paper_rows,42,train,32
paper_rows,42,train,779
paper_rows,42,train,839
paper_rows,42,train,200
paper_rows,42,train,134
paper_rows,42,train,27
paper_rows,42,train,902
paper_rows,42,train,230
paper_rows,42,train,489
paper_rows,42,train,772
paper_rows,42,train,378
paper_rows,42,train,288
paper_rows,42,train,418
paper_rows,42,train,674
paper_rows,42,train,391
paper_rows,42,train,592
paper_rows,42,train,498
paper_rows,42,train,138
paper_rows,42,train,62
paper_rows,42,train,471
paper_rows,42,train,647
paper_rows,42,train,128
paper_rows,42,train,1003
paper_rows,42,train,520
paper_rows,42,train,838
paper_rows,42,train,989
paper_rows,42,train,64
paper_rows,42,train,812
paper_rows,42,train,14
paper_rows,42,train,156
paper_rows,42,train,40
paper_rows,42,train,492
paper_rows,42,train,379
paper_rows,42,train,187
paper_rows,42,train,763
paper_rows,42,train,216
paper_rows,42,train,791
paper_rows,42,train,52
paper_rows,42,train,878
paper_rows,42,train,337
paper_rows,42,train,748
paper_rows,42,train,719
paper_rows,42,train,724
paper_rows,42,train,295
paper_rows,42,train,701
paper_rows,42,train,251
paper_rows,42,train,726
paper_rows,42,train,461
paper_rows,42,train,455
paper_rows,42,train,1023
paper_rows,42,train,815
paper_rows,42,train,862
paper_rows,42,train,269
paper_rows,42,train,201
paper_rows,42,train,161
paper_rows,42,train,555
paper_rows,42,train,729
paper_rows,42,train,401
paper_rows,42,train,702
paper_rows,42,train,476
paper_rows,42,train,821
paper_rows,42,train,771
paper_rows,42,train,105
paper_rows,42,train,565
paper_rows,42,train,389
paper_rows,42,train,1
paper_rows,42,train,961
paper_rows,42,train,1009
paper_rows,42,train,561
paper_rows,42,train,931
paper_rows,42,train,80
paper_rows,42,train,205
paper_rows,42,train,34
paper_rows,42,train,942
paper_rows,42,train,775
paper_rows,42,train,508
paper_rows,42,train,427
paper_rows,42,train,454
paper_rows,42,train,366
paper_rows,42,train,91
paper_rows,42,train,339
paper_rows,42,train,897
paper_rows,42,train,564
paper_rows,42,train,345
paper_rows,42,train,776
paper_rows,42,train,241
paper_rows,42,train,13
paper_rows,42,train,315
paper_rows,42,train,600
paper_rows,42,train,387
paper_rows,42,train,273
paper_rows,42,train,166
paper_rows,42,train,840
paper_rows,42,train,1019
paper_rows,42,train,646
paper_rows,42,train,818
paper_rows,42,train,484
paper_rows,42,train,1007
paper_rows,42,train,504
paper_rows,42,train,831
paper_rows,42,train,243
paper_rows,42,train,566
paper_rows,42,train,875
paper_rows,42,train,562
paper_rows,42,train,978
paper_rows,42,train,686
paper_rows,42,train,957
paper_rows,42,train,189
paper_rows,42,train,782
paper_rows,42,train,975
paper_rows,42,train,699
paper_rows,42,train,475
paper_rows,42,train,681
paper_rows,42,train,510
paper_rows,42,train,58
paper_rows,42,train,474
paper_rows,42,train,560
paper_rows,42,train,856
paper_rows,42,train,747
paper_rows,42,train,252
paper_rows,42,train,21
paper_rows,42,train,313
paper_rows,42,train,459
paper_rows,42,train,160
paper_rows,42,train,276
paper_rows,42,train,955
paper_rows,42,train,191
paper_rows,42,train,385
paper_rows,42,train,805
paper_rows,42,train,413
paper_rows,42,train,491
paper_rows,42,train,343
paper_rows,42,train,769
paper_rows,42,train,308
paper_rows,42,train,661
paper_rows,42,train,130
paper_rows,42,train,663
paper_rows,42,train,871
paper_rows,42,train,99
paper_rows,42,train,372
paper_rows,42,train,87
paper_rows,42,train,458
paper_rows,42,train,330
paper_rows,42,train,214
paper_rows,42,train,466
paper_rows,42,train,121
paper_rows,42,train,614
paper_rows,42,train,20
paper_rows,42,train,700
paper_rows,42,train,71
paper_rows,42,train,106
paper_rows,42,train,270
paper_rows,42,train,860
paper_rows,42,test,527
paper_rows,42,test,359
paper_rows,42,test,447
paper_rows,42,test,31
paper_rows,42,test,621
paper_rows,42,test,590
paper_rows,42,test,905
paper_rows,42,test,737
paper_rows,42,test,76
paper_rows,42,test,948
paper_rows,42,test,432
paper_rows,42,test,70
paper_rows,42,test,680
paper_rows,42,test,101
paper_rows,42,test,845
paper_rows,42,test,656
paper_rows,42,test,310
paper_rows,42,test,344
paper_rows,42,test,837
paper_rows,42,test,174
paper_rows,42,test,96
paper_rows,42,test,822
paper_rows,42,test,598
paper_rows,42,test,218
paper_rows,42,test,420
paper_rows,42,test,208
paper_rows,42,test,774
paper_rows,42,test,290
paper_rows,42,test,889
paper_rows,42,test,670
paper_rows,42,test,903
paper_rows,42,test,1004
paper_rows,42,test,1012
paper_rows,42,test,329
paper_rows,42,test,1001
paper_rows,42,test,762
paper_rows,42,test,490
paper_rows,42,test,350
paper_rows,42,test,500
paper_rows,42,test,307
paper_rows,42,test,853
paper_rows,42,test,351
paper_rows,42,test,643
paper_rows,42,test,439
paper_rows,42,test,819
paper_rows,42,test,833
paper_rows,42,test,518
paper_rows,42,test,554
paper_rows,42,test,289
paper_rows,42,test,292
paper_rows,42,test,213
paper_rows,42,test,966
paper_rows,42,test,59
paper_rows,42,test,692
paper_rows,42,test,321
paper_rows,42,test,10
paper_rows,42,test,331
paper_rows,42,test,334
paper_rows,42,test,918
paper_rows,42,test,86
paper_rows,42,test,332
paper_rows,42,test,743
paper_rows,42,test,450
paper_rows,42,test,468
paper_rows,42,test,305
paper_rows,42,test,30
paper_rows,42,test,558
paper_rows,42,test,405
paper_rows,42,test,54
paper_rows,42,test,23
paper_rows,42,test,1018
paper_rows,42,test,481
paper_rows,42,test,3
paper_rows,42,test,231
paper_rows,42,test,355
paper_rows,42,test,673
paper_rows,42,test,756
paper_rows,42,test,843
paper_rows,42,test,667
paper_rows,42,test,215
paper_rows,42,test,634
paper_rows,42,test,318
paper_rows,42,test,986
paper_rows,42,test,352
paper_rows,42,test,715
paper_rows,42,test,394
paper_rows,42,test,198
paper_rows,42,test,594
paper_rows,42,test,863
paper_rows,42,test,924
paper_rows,42,test,39
paper_rows,42,test,790
paper_rows,42,test,314
paper_rows,42,test,761
paper_rows,42,test,580
paper_rows,42,test,66
paper_rows,42,test,717
paper_rows,42,test,67
paper_rows,42,test,294
paper_rows,42,test,921
paper_rows,42,test,464
paper_rows,42,test,107
paper_rows,42,test,629
paper_rows,42,test,576
paper_rows,42,test,254
paper_rows,42,test,723
paper_rows,42,test,929
paper_rows,42,test,539
paper_rows,42,test,915
paper_rows,42,test,525
paper_rows,42,test,543
paper_rows,42,test,754
paper_rows,42,test,100
paper_rows,42,test,88
paper_rows,42,test,63
paper_rows,42,test,848
paper_rows,42,test,893
paper_rows,42,test,139
paper_rows,42,test,603
paper_rows,42,test,620
paper_rows,42,test,542
paper_rows,42,test,494
paper_rows,42,test,589
paper_rows,42,test,109
paper_rows,42,test,962
paper_rows,42,test,247
paper_rows,42,test,922
paper_rows,42,test,697
paper_rows,42,test,486
paper_rows,42,test,136
paper_rows,42,test,932
paper_rows,42,test,688
paper_rows,42,test,758
paper_rows,42,test,158
paper_rows,42,test,493
paper_rows,42,test,501
paper_rows,42,test,682
paper_rows,42,test,973
paper_rows,42,test,256
paper_rows,42,test,734
paper_rows,42,test,857
paper_rows,42,test,959
paper_rows,42,test,617
paper_rows,42,test,983
paper_rows,42,test,901
paper_rows,42,test,210
paper_rows,42,test,168
paper_rows,42,test,939
paper_rows,42,test,440
paper_rows,42,test,1022
paper_rows,42,test,545
paper_rows,42,test,55
paper_rows,42,test,120
paper_rows,42,test,616
paper_rows,42,test,25
paper_rows,42,test,72
paper_rows,42,test,532
paper_rows,42,test,44
paper_rows,42,test,296
paper_rows,42,test,199
paper_rows,42,test,753
paper_rows,42,test,793
paper_rows,42,test,485
paper_rows,42,test,209
paper_rows,42,test,265
paper_rows,42,test,377
paper_rows,42,test,894
paper_rows,42,test,788
paper_rows,42,test,528
paper_rows,42,test,451
paper_rows,42,test,595
paper_rows,42,test,745
paper_rows,42,test,965
paper_rows,42,test,526
paper_rows,42,test,306
paper_rows,42,test,319
paper_rows,42,test,60
paper_rows,42,test,482
paper_rows,42,test,854
paper_rows,42,test,615
paper_rows,42,test,541
paper_rows,42,test,428
paper_rows,42,test,184
paper_rows,42,test,881
paper_rows,42,test,982
paper_rows,42,test,599
paper_rows,42,test,906
paper_rows,42,test,778
paper_rows,42,test,261
paper_rows,42,test,342
paper_rows,42,test,522
paper_rows,42,test,237
paper_rows,42,test,110
paper_rows,42,test,497
paper_rows,42,test,516
paper_rows,42,test,361
paper_rows,42,test,429
paper_rows,42,test,1013
paper_rows,42,test,277
paper_rows,42,test,260
paper_rows,42,test,832
paper_rows,42,test,796
paper_rows,42,test,644
paper_rows,42,test,404
paper_rows,42,test,842
unique_rows,42,train,158
unique_rows,42,train,199
unique_rows,42,train,479
unique_rows,42,train,460
unique_rows,42,train,169
unique_rows,42,train,75
unique_rows,42,train,46
unique_rows,42,train,286
unique_rows,42,train,67
unique_rows,42,train,10
unique_rows,42,train,147
unique_rows,42,train,337
unique_rows,42,train,77
unique_rows,42,train,8
unique_rows,42,train,20
unique_rows,42,train,16
unique_rows,42,train,154
unique_rows,42,train,196
unique_rows,42,train,44
unique_rows,42,train,90
unique_rows,42,train,69
unique_rows,42,train,52
unique_rows,42,train,361
unique_rows,42,train,172
unique_rows,42,train,402
unique_rows,42,train,17
unique_rows,42,train,451
unique_rows,42,train,41
unique_rows,42,train,218
unique_rows,42,train,274
unique_rows,42,train,106
unique_rows,42,train,123
unique_rows,42,train,611
unique_rows,42,train,190
unique_rows,42,train,47
unique_rows,42,train,225
unique_rows,42,train,240
unique_rows,42,train,300
unique_rows,42,train,271
unique_rows,42,train,348
unique_rows,42,train,536
unique_rows,42,train,159
unique_rows,42,train,163
unique_rows,42,train,280
unique_rows,42,train,268
unique_rows,42,train,48
unique_rows,42,train,3
unique_rows,42,train,528
unique_rows,42,train,521
unique_rows,42,train,70
unique_rows,42,train,108
unique_rows,42,train,105
unique_rows,42,train,126
unique_rows,42,train,9
unique_rows,42,train,332
unique_rows,42,train,101
unique_rows,42,train,174
unique_rows,42,train,380
unique_rows,42,train,104
unique_rows,42,train,173
unique_rows,42,train,26
unique_rows,42,train,708
unique_rows,42,train,580
unique_rows,42,train,224
unique_rows,42,train,205
unique_rows,42,train,29
unique_rows,42,train,291
unique_rows,42,train,599
unique_rows,42,train,117
unique_rows,42,train,391
unique_rows,42,train,13
unique_rows,42,train,719
unique_rows,42,train,353
unique_rows,42,train,327
unique_rows,42,train,85
unique_rows,42,train,87
unique_rows,42,train,60
unique_rows,42,train,374
unique_rows,42,train,185
unique_rows,42,train,189
unique_rows,42,train,54
unique_rows,42,train,319
unique_rows,42,train,252
unique_rows,42,train,171
unique_rows,42,train,146
unique_rows,42,train,182
unique_rows,42,train,7
unique_rows,42,train,533
unique_rows,42,train,239
unique_rows,42,train,89
unique_rows,42,train,358
unique_rows,42,train,373
unique_rows,42,train,216
unique_rows,42,train,156
unique_rows,42,train,267
unique_rows,42,train,193
unique_rows,42,train,148
unique_rows,42,train,301
unique_rows,42,train,254
unique_rows,42,train,376
unique_rows,42,train,40
unique_rows,42,train,220
unique_rows,42,train,299
unique_rows,42,train,262
unique_rows,42,train,81
unique_rows,42,train,606
unique_rows,42,train,328
unique_rows,42,train,59
unique_rows,42,train,57
unique_rows,42,train,27
unique_rows,42,train,107
unique_rows,42,train,97
unique_rows,42,train,368
unique_rows,42,train,197
unique_rows,42,train,255
unique_rows,42,train,80
unique_rows,42,train,145
unique_rows,42,train,95
unique_rows,42,train,429
unique_rows,42,train,215
unique_rows,42,train,322
unique_rows,42,train,260
unique_rows,42,train,149
unique_rows,42,train,382
unique_rows,42,train,91
unique_rows,42,train,237
unique_rows,42,train,45
unique_rows,42,train,62
unique_rows,42,train,212
unique_rows,42,train,203
unique_rows,42,train,234
unique_rows,42,train,582
unique_rows,42,train,227
unique_rows,42,train,19
unique_rows,42,train,141
unique_rows,42,train,210
unique_rows,42,train,21
unique_rows,42,train,321
unique_rows,42,train,160
unique_rows,42,train,140
unique_rows,42,train,384
unique_rows,42,train,23
unique_rows,42,train,652
unique_rows,42,train,78
unique_rows,42,train,151
unique_rows,42,train,116
unique_rows,42,train,720
unique_rows,42,train,694
unique_rows,42,train,343
unique_rows,42,train,367
unique_rows,42,train,179
unique_rows,42,train,76
unique_rows,42,train,39
unique_rows,42,train,181
unique_rows,42,train,843
unique_rows,42,train,530
unique_rows,42,train,135
unique_rows,42,train,570
unique_rows,42,train,369
unique_rows,42,train,342
unique_rows,42,train,50
unique_rows,42,train,426
unique_rows,42,train,22
unique_rows,42,train,723
unique_rows,42,train,73
unique_rows,42,train,14
unique_rows,42,train,37
unique_rows,42,train,144
unique_rows,42,train,122
unique_rows,42,train,183
unique_rows,42,train,11
unique_rows,42,train,98
unique_rows,42,train,339
unique_rows,42,train,32
unique_rows,42,train,12
unique_rows,42,train,110
unique_rows,42,train,333
unique_rows,42,train,256
unique_rows,42,train,616
unique_rows,42,train,309
unique_rows,42,train,297
unique_rows,42,train,282
unique_rows,42,train,139
unique_rows,42,train,113
unique_rows,42,train,71
unique_rows,42,train,629
unique_rows,42,train,128
unique_rows,42,train,739
unique_rows,42,train,152
unique_rows,42,train,288
unique_rows,42,train,88
unique_rows,42,train,131
unique_rows,42,train,522
unique_rows,42,train,53
unique_rows,42,train,74
unique_rows,42,train,99
unique_rows,42,train,194
unique_rows,42,train,51
unique_rows,42,train,168
unique_rows,42,train,270
unique_rows,42,train,49
unique_rows,42,train,363
unique_rows,42,train,691
unique_rows,42,train,24
unique_rows,42,train,30
unique_rows,42,train,305
unique_rows,42,train,512
unique_rows,42,train,438
unique_rows,42,train,541
unique_rows,42,train,28
unique_rows,42,train,425
unique_rows,42,train,96
unique_rows,42,train,114
unique_rows,42,train,450
unique_rows,42,train,0
unique_rows,42,train,287
unique_rows,42,train,4
unique_rows,42,train,628
unique_rows,42,train,56
unique_rows,42,train,129
unique_rows,42,train,313
unique_rows,42,train,34
unique_rows,42,train,248
unique_rows,42,train,244
unique_rows,42,train,643
unique_rows,42,train,125
unique_rows,42,train,143
unique_rows,42,train,304
unique_rows,42,train,276
unique_rows,42,train,191
unique_rows,42,train,198
unique_rows,42,train,431
unique_rows,42,train,366
unique_rows,42,train,231
unique_rows,42,train,555
unique_rows,42,train,6
unique_rows,42,train,100
unique_rows,42,train,320
unique_rows,42,train,472
unique_rows,42,train,733
unique_rows,42,train,549
unique_rows,42,test,25
unique_rows,42,test,65
unique_rows,42,test,437
unique_rows,42,test,58
unique_rows,42,test,42
unique_rows,42,test,177
unique_rows,42,test,473
unique_rows,42,test,2
unique_rows,42,test,434
unique_rows,42,test,142
unique_rows,42,test,269
unique_rows,42,test,292
unique_rows,42,test,258
unique_rows,42,test,281
unique_rows,42,test,377
unique_rows,42,test,279
unique_rows,42,test,66
unique_rows,42,test,111
unique_rows,42,test,68
unique_rows,42,test,5
unique_rows,42,test,331
unique_rows,42,test,232
unique_rows,42,test,421
unique_rows,42,test,878
unique_rows,42,test,94
unique_rows,42,test,334
unique_rows,42,test,175
unique_rows,42,test,495
unique_rows,42,test,323
unique_rows,42,test,566
unique_rows,42,test,633
unique_rows,42,test,102
unique_rows,42,test,137
unique_rows,42,test,35
unique_rows,42,test,109
unique_rows,42,test,184
unique_rows,42,test,33
unique_rows,42,test,63
unique_rows,42,test,427
unique_rows,42,test,233
unique_rows,42,test,396
unique_rows,42,test,167
unique_rows,42,test,498
unique_rows,42,test,161
unique_rows,42,test,166
unique_rows,42,test,356
unique_rows,42,test,170
unique_rows,42,test,594
unique_rows,42,test,245
unique_rows,42,test,449
unique_rows,42,test,349
unique_rows,42,test,119
unique_rows,42,test,228
unique_rows,42,test,1
unique_rows,42,test,389
unique_rows,42,test,355
unique_rows,42,test,38
unique_rows,42,test,18
unique_rows,42,test,124
unique_rows,42,test,72
unique_rows,42,test,36
unique_rows,43,train,629
unique_rows,43,train,181
unique_rows,43,train,720
unique_rows,43,train,337
unique_rows,43,train,271
unique_rows,43,train,18
unique_rows,43,train,160
unique_rows,43,train,48
unique_rows,43,train,279
unique_rows,43,train,169
unique_rows,43,train,168
unique_rows,43,train,541
unique_rows,43,train,234
unique_rows,43,train,8
unique_rows,43,train,51
unique_rows,43,train,68
unique_rows,43,train,45
unique_rows,43,train,44
unique_rows,43,train,691
unique_rows,43,train,16
unique_rows,43,train,67
unique_rows,43,train,498
unique_rows,43,train,402
unique_rows,43,train,146
unique_rows,43,train,49
unique_rows,43,train,425
unique_rows,43,train,348
unique_rows,43,train,256
unique_rows,43,train,38
unique_rows,43,train,355
unique_rows,43,train,0
unique_rows,43,train,184
unique_rows,43,train,95
unique_rows,43,train,322
unique_rows,43,train,276
unique_rows,43,train,449
unique_rows,43,train,377
unique_rows,43,train,113
unique_rows,43,train,171
unique_rows,43,train,26
unique_rows,43,train,450
unique_rows,43,train,94
unique_rows,43,train,88
unique_rows,43,train,34
unique_rows,43,train,7
unique_rows,43,train,161
unique_rows,43,train,437
unique_rows,43,train,74
unique_rows,43,train,40
unique_rows,43,train,245
unique_rows,43,train,30
unique_rows,43,train,694
unique_rows,43,train,382
unique_rows,43,train,280
unique_rows,43,train,225
unique_rows,43,train,152
unique_rows,43,train,29
unique_rows,43,train,434
unique_rows,43,train,606
unique_rows,43,train,99
unique_rows,43,train,319
unique_rows,43,train,331
unique_rows,43,train,421
unique_rows,43,train,156
unique_rows,43,train,62
unique_rows,43,train,274
unique_rows,43,train,473
unique_rows,43,train,14
unique_rows,43,train,65
unique_rows,43,train,218
unique_rows,43,train,9
unique_rows,43,train,733
unique_rows,43,train,81
unique_rows,43,train,126
unique_rows,43,train,109
unique_rows,43,train,47
unique_rows,43,train,80
unique_rows,43,train,90
unique_rows,43,train,220
unique_rows,43,train,719
unique_rows,43,train,59
unique_rows,43,train,361
unique_rows,43,train,116
unique_rows,43,train,723
unique_rows,43,train,32
unique_rows,43,train,599
unique_rows,43,train,536
unique_rows,43,train,566
unique_rows,43,train,739
unique_rows,43,train,282
unique_rows,43,train,291
unique_rows,43,train,227
unique_rows,43,train,142
unique_rows,43,train,128
unique_rows,43,train,131
unique_rows,43,train,173
unique_rows,43,train,328
unique_rows,43,train,141
unique_rows,43,train,175
unique_rows,43,train,23
unique_rows,43,train,25
unique_rows,43,train,172
unique_rows,43,train,13
unique_rows,43,train,281
unique_rows,43,train,2
unique_rows,43,train,144
unique_rows,43,train,85
unique_rows,43,train,198
unique_rows,43,train,633
unique_rows,43,train,166
unique_rows,43,train,358
unique_rows,43,train,320
unique_rows,43,train,305
unique_rows,43,train,384
unique_rows,43,train,363
unique_rows,43,train,19
unique_rows,43,train,260
unique_rows,43,train,73
unique_rows,43,train,628
unique_rows,43,train,426
unique_rows,43,train,270
unique_rows,43,train,339
unique_rows,43,train,313
unique_rows,43,train,185
unique_rows,43,train,72
unique_rows,43,train,100
unique_rows,43,train,228
unique_rows,43,train,123
unique_rows,43,train,582
unique_rows,43,train,368
unique_rows,43,train,343
unique_rows,43,train,39
unique_rows,43,train,22
unique_rows,43,train,512
unique_rows,43,train,878
unique_rows,43,train,197
unique_rows,43,train,60
unique_rows,43,train,183
unique_rows,43,train,97
unique_rows,43,train,248
unique_rows,43,train,117
unique_rows,43,train,297
unique_rows,43,train,287
unique_rows,43,train,643
unique_rows,43,train,191
unique_rows,43,train,101
unique_rows,43,train,301
unique_rows,43,train,143
unique_rows,43,train,135
unique_rows,43,train,148
unique_rows,43,train,212
unique_rows,43,train,140
unique_rows,43,train,37
unique_rows,43,train,356
unique_rows,43,train,10
unique_rows,43,train,5
unique_rows,43,train,63
unique_rows,43,train,299
unique_rows,43,train,196
unique_rows,43,train,129
unique_rows,43,train,549
unique_rows,43,train,167
unique_rows,43,train,53
unique_rows,43,train,334
unique_rows,43,train,174
unique_rows,43,train,533
unique_rows,43,train,89
unique_rows,43,train,105
unique_rows,43,train,91
unique_rows,43,train,244
unique_rows,43,train,87
unique_rows,43,train,427
unique_rows,43,train,76
unique_rows,43,train,20
unique_rows,43,train,374
unique_rows,43,train,231
unique_rows,43,train,216
unique_rows,43,train,194
unique_rows,43,train,255
unique_rows,43,train,521
unique_rows,43,train,58
unique_rows,43,train,57
unique_rows,43,train,12
unique_rows,43,train,210
unique_rows,43,train,6
unique_rows,43,train,102
unique_rows,43,train,396
unique_rows,43,train,252
unique_rows,43,train,431
unique_rows,43,train,163
unique_rows,43,train,139
unique_rows,43,train,75
unique_rows,43,train,78
unique_rows,43,train,366
unique_rows,43,train,530
unique_rows,43,train,268
unique_rows,43,train,240
unique_rows,43,train,203
unique_rows,43,train,11
unique_rows,43,train,77
unique_rows,43,train,110
unique_rows,43,train,50
unique_rows,43,train,170
unique_rows,43,train,262
unique_rows,43,train,555
unique_rows,43,train,114
unique_rows,43,train,611
unique_rows,43,train,54
unique_rows,43,train,286
unique_rows,43,train,24
unique_rows,43,train,429
unique_rows,43,train,27
unique_rows,43,train,580
unique_rows,43,train,149
unique_rows,43,train,199
unique_rows,43,train,17
unique_rows,43,train,1
unique_rows,43,train,472
unique_rows,43,train,594
unique_rows,43,train,522
unique_rows,43,train,189
unique_rows,43,train,104
unique_rows,43,train,66
unique_rows,43,train,327
unique_rows,43,train,159
unique_rows,43,train,158
unique_rows,43,train,96
unique_rows,43,train,652
unique_rows,43,train,267
unique_rows,43,train,42
unique_rows,43,train,33
unique_rows,43,train,258
unique_rows,43,train,333
unique_rows,43,train,182
unique_rows,43,train,41
unique_rows,43,train,137
unique_rows,43,train,495
unique_rows,43,train,391
unique_rows,43,train,3
unique_rows,43,train,124
unique_rows,43,train,349
unique_rows,43,test,376
unique_rows,43,test,122
unique_rows,43,test,35
unique_rows,43,test,353
unique_rows,43,test,451
unique_rows,43,test,367
unique_rows,43,test,288
unique_rows,43,test,108
unique_rows,43,test,46
unique_rows,43,test,304
unique_rows,43,test,70
unique_rows,43,test,147
unique_rows,43,test,232
unique_rows,43,test,369
unique_rows,43,test,71
unique_rows,43,test,570
unique_rows,43,test,205
unique_rows,43,test,111
unique_rows,43,test,321
unique_rows,43,test,69
unique_rows,43,test,98
unique_rows,43,test,215
unique_rows,43,test,36
unique_rows,43,test,342
unique_rows,43,test,300
unique_rows,43,test,179
unique_rows,43,test,254
unique_rows,43,test,616
unique_rows,43,test,177
unique_rows,43,test,460
unique_rows,43,test,28
unique_rows,43,test,107
unique_rows,43,test,373
unique_rows,43,test,239
unique_rows,43,test,528
unique_rows,43,test,151
unique_rows,43,test,269
unique_rows,43,test,52
unique_rows,43,test,193
unique_rows,43,test,292
unique_rows,43,test,4
unique_rows,43,test,708
unique_rows,43,test,479
unique_rows,43,test,56
unique_rows,43,test,380
unique_rows,43,test,389
unique_rows,43,test,309
unique_rows,43,test,119
unique_rows,43,test,332
unique_rows,43,test,154
unique_rows,43,test,21
unique_rows,43,test,224
unique_rows,43,test,125
unique_rows,43,test,438
unique_rows,43,test,190
unique_rows,43,test,237
unique_rows,43,test,323
unique_rows,43,test,233
unique_rows,43,test,145
unique_rows,43,test,106
unique_rows,43,test,843
unique_rows,44,train,169
unique_rows,44,train,67
unique_rows,44,train,473
unique_rows,44,train,234
unique_rows,44,train,2
unique_rows,44,train,570
unique_rows,44,train,9
unique_rows,44,train,89
unique_rows,44,train,611
unique_rows,44,train,528
unique_rows,44,train,171
unique_rows,44,train,95
unique_rows,44,train,4
unique_rows,44,train,139
unique_rows,44,train,52
unique_rows,44,train,3
unique_rows,44,train,199
unique_rows,44,train,449
unique_rows,44,train,426
unique_rows,44,train,210
unique_rows,44,train,495
unique_rows,44,train,391
unique_rows,44,train,255
unique_rows,44,train,56
unique_rows,44,train,291
unique_rows,44,train,60
unique_rows,44,train,536
unique_rows,44,train,76
unique_rows,44,train,342
unique_rows,44,train,421
unique_rows,44,train,205
unique_rows,44,train,128
unique_rows,44,train,137
unique_rows,44,train,434
unique_rows,44,train,337
unique_rows,44,train,39
unique_rows,44,train,368
unique_rows,44,train,349
unique_rows,44,train,237
unique_rows,44,train,91
unique_rows,44,train,270
unique_rows,44,train,183
unique_rows,44,train,98
unique_rows,44,train,36
unique_rows,44,train,179
unique_rows,44,train,149
unique_rows,44,train,319
unique_rows,44,train,108
unique_rows,44,train,331
unique_rows,44,train,172
unique_rows,44,train,652
unique_rows,44,train,119
unique_rows,44,train,99
unique_rows,44,train,102
unique_rows,44,train,358
unique_rows,44,train,733
unique_rows,44,train,279
unique_rows,44,train,154
unique_rows,44,train,843
unique_rows,44,train,101
unique_rows,44,train,182
unique_rows,44,train,47
unique_rows,44,train,58
unique_rows,44,train,281
unique_rows,44,train,309
unique_rows,44,train,521
unique_rows,44,train,197
unique_rows,44,train,269
unique_rows,44,train,382
unique_rows,44,train,123
unique_rows,44,train,48
unique_rows,44,train,321
unique_rows,44,train,14
unique_rows,44,train,203
unique_rows,44,train,256
unique_rows,44,train,40
unique_rows,44,train,116
unique_rows,44,train,498
unique_rows,44,train,233
unique_rows,44,train,367
unique_rows,44,train,44
unique_rows,44,train,161
unique_rows,44,train,106
unique_rows,44,train,6
unique_rows,44,train,582
unique_rows,44,train,69
unique_rows,44,train,18
unique_rows,44,train,34
unique_rows,44,train,191
unique_rows,44,train,7
unique_rows,44,train,11
unique_rows,44,train,105
unique_rows,44,train,146
unique_rows,44,train,88
unique_rows,44,train,166
unique_rows,44,train,287
unique_rows,44,train,81
unique_rows,44,train,541
unique_rows,44,train,224
unique_rows,44,train,163
unique_rows,44,train,438
unique_rows,44,train,305
unique_rows,44,train,49
unique_rows,44,train,110
unique_rows,44,train,57
unique_rows,44,train,220
unique_rows,44,train,160
unique_rows,44,train,361
unique_rows,44,train,16
unique_rows,44,train,215
unique_rows,44,train,113
unique_rows,44,train,70
unique_rows,44,train,94
unique_rows,44,train,380
unique_rows,44,train,129
unique_rows,44,train,196
unique_rows,44,train,143
unique_rows,44,train,80
unique_rows,44,train,13
unique_rows,44,train,616
unique_rows,44,train,322
unique_rows,44,train,252
unique_rows,44,train,158
unique_rows,44,train,363
unique_rows,44,train,73
unique_rows,44,train,28
unique_rows,44,train,389
unique_rows,44,train,20
unique_rows,44,train,708
unique_rows,44,train,304
unique_rows,44,train,260
unique_rows,44,train,460
unique_rows,44,train,142
unique_rows,44,train,258
unique_rows,44,train,42
unique_rows,44,train,427
unique_rows,44,train,104
unique_rows,44,train,356
unique_rows,44,train,126
unique_rows,44,train,97
unique_rows,44,train,339
unique_rows,44,train,239
unique_rows,44,train,353
unique_rows,44,train,65
unique_rows,44,train,35
unique_rows,44,train,190
unique_rows,44,train,90
unique_rows,44,train,19
unique_rows,44,train,282
unique_rows,44,train,140
unique_rows,44,train,27
unique_rows,44,train,530
unique_rows,44,train,85
unique_rows,44,train,72
unique_rows,44,train,51
unique_rows,44,train,313
unique_rows,44,train,109
unique_rows,44,train,122
unique_rows,44,train,147
unique_rows,44,train,167
unique_rows,44,train,74
unique_rows,44,train,77
unique_rows,44,train,450
unique_rows,44,train,694
unique_rows,44,train,323
unique_rows,44,train,396
unique_rows,44,train,144
unique_rows,44,train,17
unique_rows,44,train,328
unique_rows,44,train,177
unique_rows,44,train,228
unique_rows,44,train,141
unique_rows,44,train,198
unique_rows,44,train,37
unique_rows,44,train,268
unique_rows,44,train,429
unique_rows,44,train,878
unique_rows,44,train,479
unique_rows,44,train,151
unique_rows,44,train,606
unique_rows,44,train,59
unique_rows,44,train,240
unique_rows,44,train,24
unique_rows,44,train,373
unique_rows,44,train,168
unique_rows,44,train,54
unique_rows,44,train,45
unique_rows,44,train,0
unique_rows,44,train,68
unique_rows,44,train,300
unique_rows,44,train,50
unique_rows,44,train,248
unique_rows,44,train,135
unique_rows,44,train,12
unique_rows,44,train,549
unique_rows,44,train,245
unique_rows,44,train,170
unique_rows,44,train,533
unique_rows,44,train,173
unique_rows,44,train,53
unique_rows,44,train,156
unique_rows,44,train,719
unique_rows,44,train,723
unique_rows,44,train,46
unique_rows,44,train,402
unique_rows,44,train,41
unique_rows,44,train,193
unique_rows,44,train,580
unique_rows,44,train,174
unique_rows,44,train,343
unique_rows,44,train,22
unique_rows,44,train,384
unique_rows,44,train,38
unique_rows,44,train,271
unique_rows,44,train,512
unique_rows,44,train,32
unique_rows,44,train,262
unique_rows,44,train,472
unique_rows,44,train,194
unique_rows,44,train,87
unique_rows,44,train,274
unique_rows,44,train,145
unique_rows,44,train,75
unique_rows,44,train,232
unique_rows,44,train,111
unique_rows,44,train,292
unique_rows,44,train,185
unique_rows,44,train,29
unique_rows,44,train,148
unique_rows,44,train,301
unique_rows,44,train,8
unique_rows,44,train,522
unique_rows,44,train,107
unique_rows,44,train,244
unique_rows,44,train,5
unique_rows,44,train,189
unique_rows,44,train,254
unique_rows,44,train,125
unique_rows,44,train,594
unique_rows,44,train,100
unique_rows,44,train,23
unique_rows,44,test,225
unique_rows,44,test,175
unique_rows,44,test,437
unique_rows,44,test,276
unique_rows,44,test,131
unique_rows,44,test,66
unique_rows,44,test,288
unique_rows,44,test,374
unique_rows,44,test,216
unique_rows,44,test,633
unique_rows,44,test,425
unique_rows,44,test,117
unique_rows,44,test,114
unique_rows,44,test,71
unique_rows,44,test,152
unique_rows,44,test,629
unique_rows,44,test,184
unique_rows,44,test,227
unique_rows,44,test,286
unique_rows,44,test,355
unique_rows,44,test,62
unique_rows,44,test,21
unique_rows,44,test,332
unique_rows,44,test,369
unique_rows,44,test,431
unique_rows,44,test,267
unique_rows,44,test,599
unique_rows,44,test,451
unique_rows,44,test,30
unique_rows,44,test,566
unique_rows,44,test,555
unique_rows,44,test,212
unique_rows,44,test,280
unique_rows,44,test,181
unique_rows,44,test,334
unique_rows,44,test,628
unique_rows,44,test,218
unique_rows,44,test,691
unique_rows,44,test,159
unique_rows,44,test,96
unique_rows,44,test,366
unique_rows,44,test,63
unique_rows,44,test,643
unique_rows,44,test,231
unique_rows,44,test,10
unique_rows,44,test,333
unique_rows,44,test,297
unique_rows,44,test,1
unique_rows,44,test,124
unique_rows,44,test,327
unique_rows,44,test,78
unique_rows,44,test,348
unique_rows,44,test,26
unique_rows,44,test,320
unique_rows,44,test,33
unique_rows,44,test,376
unique_rows,44,test,739
unique_rows,44,test,25
unique_rows,44,test,299
unique_rows,44,test,377
unique_rows,44,test,720
unique_rows,45,train,843
unique_rows,45,train,363
unique_rows,45,train,143
unique_rows,45,train,377
unique_rows,45,train,126
unique_rows,45,train,53
unique_rows,45,train,3
unique_rows,45,train,451
unique_rows,45,train,104
unique_rows,45,train,280
unique_rows,45,train,301
unique_rows,45,train,218
unique_rows,45,train,460
unique_rows,45,train,74
unique_rows,45,train,11
unique_rows,45,train,113
unique_rows,45,train,191
unique_rows,45,train,240
unique_rows,45,train,114
unique_rows,45,train,39
unique_rows,45,train,145
unique_rows,45,train,35
unique_rows,45,train,52
unique_rows,45,train,366
unique_rows,45,train,107
unique_rows,45,train,45
unique_rows,45,train,599
unique_rows,45,train,305
unique_rows,45,train,276
unique_rows,45,train,179
unique_rows,45,train,146
unique_rows,45,train,720
unique_rows,45,train,652
unique_rows,45,train,141
unique_rows,45,train,348
unique_rows,45,train,198
unique_rows,45,train,606
unique_rows,45,train,358
unique_rows,45,train,254
unique_rows,45,train,287
unique_rows,45,train,30
unique_rows,45,train,304
unique_rows,45,train,391
unique_rows,45,train,225
unique_rows,45,train,353
unique_rows,45,train,260
unique_rows,45,train,94
unique_rows,45,train,168
unique_rows,45,train,14
unique_rows,45,train,49
unique_rows,45,train,20
unique_rows,45,train,21
unique_rows,45,train,380
unique_rows,45,train,582
unique_rows,45,train,140
unique_rows,45,train,196
unique_rows,45,train,396
unique_rows,45,train,46
unique_rows,45,train,163
unique_rows,45,train,16
unique_rows,45,train,374
unique_rows,45,train,267
unique_rows,45,train,91
unique_rows,45,train,319
unique_rows,45,train,90
unique_rows,45,train,98
unique_rows,45,train,189
unique_rows,45,train,495
unique_rows,45,train,24
unique_rows,45,train,148
unique_rows,45,train,382
unique_rows,45,train,427
unique_rows,45,train,51
unique_rows,45,train,349
unique_rows,45,train,723
unique_rows,45,train,369
unique_rows,45,train,80
unique_rows,45,train,258
unique_rows,45,train,81
unique_rows,45,train,89
unique_rows,45,train,88
unique_rows,45,train,6
unique_rows,45,train,7
unique_rows,45,train,611
unique_rows,45,train,199
unique_rows,45,train,356
unique_rows,45,train,151
unique_rows,45,train,62
unique_rows,45,train,109
unique_rows,45,train,166
unique_rows,45,train,472
unique_rows,45,train,333
unique_rows,45,train,87
unique_rows,45,train,719
unique_rows,45,train,71
unique_rows,45,train,733
unique_rows,45,train,124
unique_rows,45,train,12
unique_rows,45,train,228
unique_rows,45,train,101
unique_rows,45,train,185
unique_rows,45,train,220
unique_rows,45,train,361
unique_rows,45,train,438
unique_rows,45,train,739
unique_rows,45,train,402
unique_rows,45,train,40
unique_rows,45,train,22
unique_rows,45,train,271
unique_rows,45,train,279
unique_rows,45,train,56
unique_rows,45,train,368
unique_rows,45,train,58
unique_rows,45,train,190
unique_rows,45,train,522
unique_rows,45,train,23
unique_rows,45,train,216
unique_rows,45,train,76
unique_rows,45,train,566
unique_rows,45,train,1
unique_rows,45,train,389
unique_rows,45,train,5
unique_rows,45,train,0
unique_rows,45,train,48
unique_rows,45,train,512
unique_rows,45,train,320
unique_rows,45,train,288
unique_rows,45,train,139
unique_rows,45,train,255
unique_rows,45,train,334
unique_rows,45,train,231
unique_rows,45,train,42
unique_rows,45,train,142
unique_rows,45,train,282
unique_rows,45,train,321
unique_rows,45,train,252
unique_rows,45,train,248
unique_rows,45,train,530
unique_rows,45,train,131
unique_rows,45,train,77
unique_rows,45,train,54
unique_rows,45,train,541
unique_rows,45,train,323
unique_rows,45,train,633
unique_rows,45,train,227
unique_rows,45,train,286
unique_rows,45,train,425
unique_rows,45,train,99
unique_rows,45,train,450
unique_rows,45,train,152
unique_rows,45,train,281
unique_rows,45,train,159
unique_rows,45,train,66
unique_rows,45,train,297
unique_rows,45,train,8
unique_rows,45,train,70
unique_rows,45,train,384
unique_rows,45,train,327
unique_rows,45,train,434
unique_rows,45,train,158
unique_rows,45,train,239
unique_rows,45,train,373
unique_rows,45,train,237
unique_rows,45,train,268
unique_rows,45,train,4
unique_rows,45,train,343
unique_rows,45,train,160
unique_rows,45,train,37
unique_rows,45,train,128
unique_rows,45,train,125
unique_rows,45,train,32
unique_rows,45,train,13
unique_rows,45,train,245
unique_rows,45,train,72
unique_rows,45,train,85
unique_rows,45,train,149
unique_rows,45,train,67
unique_rows,45,train,270
unique_rows,45,train,122
unique_rows,45,train,193
unique_rows,45,train,26
unique_rows,45,train,322
unique_rows,45,train,63
unique_rows,45,train,342
unique_rows,45,train,41
unique_rows,45,train,421
unique_rows,45,train,167
unique_rows,45,train,108
unique_rows,45,train,244
unique_rows,45,train,44
unique_rows,45,train,431
unique_rows,45,train,355
unique_rows,45,train,177
unique_rows,45,train,18
unique_rows,45,train,33
unique_rows,45,train,105
unique_rows,45,train,628
unique_rows,45,train,570
unique_rows,45,train,234
unique_rows,45,train,175
unique_rows,45,train,233
unique_rows,45,train,174
unique_rows,45,train,172
unique_rows,45,train,34
unique_rows,45,train,57
unique_rows,45,train,137
unique_rows,45,train,339
unique_rows,45,train,309
unique_rows,45,train,183
unique_rows,45,train,313
unique_rows,45,train,328
unique_rows,45,train,181
unique_rows,45,train,119
unique_rows,45,train,212
unique_rows,45,train,224
unique_rows,45,train,60
unique_rows,45,train,135
unique_rows,45,train,555
unique_rows,45,train,299
unique_rows,45,train,28
unique_rows,45,train,205
unique_rows,45,train,123
unique_rows,45,train,643
unique_rows,45,train,19
unique_rows,45,train,129
unique_rows,45,train,10
unique_rows,45,train,182
unique_rows,45,train,106
unique_rows,45,train,173
unique_rows,45,train,521
unique_rows,45,train,194
unique_rows,45,train,215
unique_rows,45,train,691
unique_rows,45,train,580
unique_rows,45,train,73
unique_rows,45,train,184
unique_rows,45,train,203
unique_rows,45,train,274
unique_rows,45,train,376
unique_rows,45,train,2
unique_rows,45,train,161
unique_rows,45,test,47
unique_rows,45,test,694
unique_rows,45,test,536
unique_rows,45,test,473
unique_rows,45,test,528
unique_rows,45,test,69
unique_rows,45,test,17
unique_rows,45,test,197
unique_rows,45,test,533
unique_rows,45,test,426
unique_rows,45,test,616
unique_rows,45,test,156
unique_rows,45,test,147
unique_rows,45,test,38
unique_rows,45,test,292
unique_rows,45,test,479
unique_rows,45,test,96
unique_rows,45,test,97
unique_rows,45,test,154
unique_rows,45,test,29
unique_rows,45,test,116
unique_rows,45,test,498
unique_rows,45,test,169
unique_rows,45,test,102
unique_rows,45,test,171
unique_rows,45,test,65
unique_rows,45,test,27
unique_rows,45,test,256
unique_rows,45,test,170
unique_rows,45,test,210
unique_rows,45,test,337
unique_rows,45,test,100
unique_rows,45,test,117
unique_rows,45,test,25
unique_rows,45,test,110
unique_rows,45,test,262
unique_rows,45,test,594
unique_rows,45,test,144
unique_rows,45,test,331
unique_rows,45,test,429
unique_rows,45,test,75
unique_rows,45,test,549
unique_rows,45,test,878
unique_rows,45,test,708
unique_rows,45,test,437
unique_rows,45,test,332
unique_rows,45,test,449
unique_rows,45,test,59
unique_rows,45,test,9
unique_rows,45,test,78
unique_rows,45,test,50
unique_rows,45,test,36
unique_rows,45,test,68
unique_rows,45,test,232
unique_rows,45,test,269
unique_rows,45,test,111
unique_rows,45,test,95
unique_rows,45,test,300
unique_rows,45,test,629
unique_rows,45,test,367
unique_rows,45,test,291
unique_rows,46,train,323
unique_rows,46,train,23
unique_rows,46,train,9
unique_rows,46,train,54
unique_rows,46,train,184
unique_rows,46,train,88
unique_rows,46,train,320
unique_rows,46,train,252
unique_rows,46,train,56
unique_rows,46,train,58
unique_rows,46,train,53
unique_rows,46,train,148
unique_rows,46,train,72
unique_rows,46,train,450
unique_rows,46,train,25
unique_rows,46,train,149
unique_rows,46,train,522
unique_rows,46,train,300
unique_rows,46,train,239
unique_rows,46,train,473
unique_rows,46,train,111
unique_rows,46,train,73
unique_rows,46,train,291
unique_rows,46,train,78
unique_rows,46,train,32
unique_rows,46,train,358
unique_rows,46,train,193
unique_rows,46,train,109
unique_rows,46,train,194
unique_rows,46,train,190
unique_rows,46,train,196
unique_rows,46,train,376
unique_rows,46,train,68
unique_rows,46,train,177
unique_rows,46,train,342
unique_rows,46,train,541
unique_rows,46,train,108
unique_rows,46,train,333
unique_rows,46,train,98
unique_rows,46,train,429
unique_rows,46,train,107
unique_rows,46,train,353
unique_rows,46,train,8
unique_rows,46,train,89
unique_rows,46,train,255
unique_rows,46,train,599
unique_rows,46,train,708
unique_rows,46,train,143
unique_rows,46,train,331
unique_rows,46,train,479
unique_rows,46,train,60
unique_rows,46,train,12
unique_rows,46,train,26
unique_rows,46,train,282
unique_rows,46,train,281
unique_rows,46,train,280
unique_rows,46,train,80
unique_rows,46,train,46
unique_rows,46,train,254
unique_rows,46,train,719
unique_rows,46,train,24
unique_rows,46,train,5
unique_rows,46,train,694
unique_rows,46,train,533
unique_rows,46,train,321
unique_rows,46,train,438
unique_rows,46,train,633
unique_rows,46,train,301
unique_rows,46,train,224
unique_rows,46,train,382
unique_rows,46,train,75
unique_rows,46,train,151
unique_rows,46,train,332
unique_rows,46,train,240
unique_rows,46,train,81
unique_rows,46,train,166
unique_rows,46,train,361
unique_rows,46,train,319
unique_rows,46,train,95
unique_rows,46,train,512
unique_rows,46,train,363
unique_rows,46,train,110
unique_rows,46,train,152
unique_rows,46,train,260
unique_rows,46,train,11
unique_rows,46,train,472
unique_rows,46,train,431
unique_rows,46,train,231
unique_rows,46,train,163
unique_rows,46,train,720
unique_rows,46,train,52
unique_rows,46,train,122
unique_rows,46,train,199
unique_rows,46,train,29
unique_rows,46,train,97
unique_rows,46,train,181
unique_rows,46,train,327
unique_rows,46,train,175
unique_rows,46,train,205
unique_rows,46,train,460
unique_rows,46,train,421
unique_rows,46,train,45
unique_rows,46,train,878
unique_rows,46,train,536
unique_rows,46,train,4
unique_rows,46,train,28
unique_rows,46,train,174
unique_rows,46,train,116
unique_rows,46,train,349
unique_rows,46,train,94
unique_rows,46,train,6
unique_rows,46,train,49
unique_rows,46,train,3
unique_rows,46,train,7
unique_rows,46,train,299
unique_rows,46,train,91
unique_rows,46,train,495
unique_rows,46,train,594
unique_rows,46,train,16
unique_rows,46,train,652
unique_rows,46,train,628
unique_rows,46,train,225
unique_rows,46,train,434
unique_rows,46,train,258
unique_rows,46,train,245
unique_rows,46,train,33
unique_rows,46,train,203
unique_rows,46,train,140
unique_rows,46,train,154
unique_rows,46,train,70
unique_rows,46,train,87
unique_rows,46,train,343
unique_rows,46,train,69
unique_rows,46,train,498
unique_rows,46,train,287
unique_rows,46,train,643
unique_rows,46,train,63
unique_rows,46,train,286
unique_rows,46,train,337
unique_rows,46,train,427
unique_rows,46,train,373
unique_rows,46,train,146
unique_rows,46,train,141
unique_rows,46,train,144
unique_rows,46,train,170
unique_rows,46,train,269
unique_rows,46,train,0
unique_rows,46,train,528
unique_rows,46,train,212
unique_rows,46,train,580
unique_rows,46,train,34
unique_rows,46,train,159
unique_rows,46,train,366
unique_rows,46,train,30
unique_rows,46,train,128
unique_rows,46,train,305
unique_rows,46,train,380
unique_rows,46,train,182
unique_rows,46,train,233
unique_rows,46,train,339
unique_rows,46,train,256
unique_rows,46,train,451
unique_rows,46,train,191
unique_rows,46,train,74
unique_rows,46,train,374
unique_rows,46,train,123
unique_rows,46,train,262
unique_rows,46,train,169
unique_rows,46,train,22
unique_rows,46,train,218
unique_rows,46,train,248
unique_rows,46,train,139
unique_rows,46,train,377
unique_rows,46,train,14
unique_rows,46,train,288
unique_rows,46,train,220
unique_rows,46,train,113
unique_rows,46,train,147
unique_rows,46,train,369
unique_rows,46,train,566
unique_rows,46,train,158
unique_rows,46,train,13
unique_rows,46,train,40
unique_rows,46,train,35
unique_rows,46,train,42
unique_rows,46,train,85
unique_rows,46,train,402
unique_rows,46,train,19
unique_rows,46,train,21
unique_rows,46,train,142
unique_rows,46,train,145
unique_rows,46,train,47
unique_rows,46,train,129
unique_rows,46,train,185
unique_rows,46,train,173
unique_rows,46,train,616
unique_rows,46,train,67
unique_rows,46,train,126
unique_rows,46,train,234
unique_rows,46,train,328
unique_rows,46,train,279
unique_rows,46,train,156
unique_rows,46,train,51
unique_rows,46,train,106
unique_rows,46,train,100
unique_rows,46,train,367
unique_rows,46,train,36
unique_rows,46,train,125
unique_rows,46,train,167
unique_rows,46,train,20
unique_rows,46,train,426
unique_rows,46,train,348
unique_rows,46,train,90
unique_rows,46,train,38
unique_rows,46,train,391
unique_rows,46,train,292
unique_rows,46,train,389
unique_rows,46,train,168
unique_rows,46,train,723
unique_rows,46,train,117
unique_rows,46,train,276
unique_rows,46,train,57
unique_rows,46,train,18
unique_rows,46,train,606
unique_rows,46,train,71
unique_rows,46,train,268
unique_rows,46,train,582
unique_rows,46,train,27
unique_rows,46,train,48
unique_rows,46,train,270
unique_rows,46,train,739
unique_rows,46,train,237
unique_rows,46,train,334
unique_rows,46,train,297
unique_rows,46,train,1
unique_rows,46,train,216
unique_rows,46,train,227
unique_rows,46,train,355
unique_rows,46,train,137
unique_rows,46,train,17
unique_rows,46,train,44
unique_rows,46,test,66
unique_rows,46,test,105
unique_rows,46,test,629
unique_rows,46,test,77
unique_rows,46,test,309
unique_rows,46,test,549
unique_rows,46,test,104
unique_rows,46,test,437
unique_rows,46,test,99
unique_rows,46,test,530
unique_rows,46,test,197
unique_rows,46,test,384
unique_rows,46,test,843
unique_rows,46,test,172
unique_rows,46,test,570
unique_rows,46,test,215
unique_rows,46,test,119
unique_rows,46,test,171
unique_rows,46,test,114
unique_rows,46,test,691
unique_rows,46,test,96
unique_rows,46,test,101
unique_rows,46,test,198
unique_rows,46,test,521
unique_rows,46,test,39
unique_rows,46,test,271
unique_rows,46,test,124
unique_rows,46,test,611
unique_rows,46,test,356
unique_rows,46,test,161
unique_rows,46,test,59
unique_rows,46,test,62
unique_rows,46,test,179
unique_rows,46,test,10
unique_rows,46,test,210
unique_rows,46,test,76
unique_rows,46,test,131
unique_rows,46,test,183
unique_rows,46,test,368
unique_rows,46,test,65
unique_rows,46,test,267
unique_rows,46,test,244
unique_rows,46,test,160
unique_rows,46,test,304
unique_rows,46,test,274
unique_rows,46,test,41
unique_rows,46,test,2
unique_rows,46,test,232
unique_rows,46,test,135
unique_rows,46,test,102
unique_rows,46,test,396
unique_rows,46,test,50
unique_rows,46,test,37
unique_rows,46,test,555
unique_rows,46,test,425
unique_rows,46,test,228
unique_rows,46,test,733
unique_rows,46,test,313
unique_rows,46,test,449
unique_rows,46,test,322
unique_rows,46,test,189
unique_rows,47,train,152
unique_rows,47,train,181
unique_rows,47,train,337
unique_rows,47,train,161
unique_rows,47,train,140
unique_rows,47,train,100
unique_rows,47,train,185
unique_rows,47,train,220
unique_rows,47,train,328
unique_rows,47,train,38
unique_rows,47,train,203
unique_rows,47,train,281
unique_rows,47,train,39
unique_rows,47,train,10
unique_rows,47,train,62
unique_rows,47,train,1
unique_rows,47,train,4
unique_rows,47,train,24
unique_rows,47,train,97
unique_rows,47,train,239
unique_rows,47,train,237
unique_rows,47,train,18
unique_rows,47,train,126
unique_rows,47,train,137
unique_rows,47,train,154
unique_rows,47,train,63
unique_rows,47,train,77
unique_rows,47,train,691
unique_rows,47,train,70
unique_rows,47,train,309
unique_rows,47,train,606
unique_rows,47,train,3
unique_rows,47,train,179
unique_rows,47,train,52
unique_rows,47,train,11
unique_rows,47,train,216
unique_rows,47,train,44
unique_rows,47,train,0
unique_rows,47,train,94
unique_rows,47,train,320
unique_rows,47,train,594
unique_rows,47,train,74
unique_rows,47,train,170
unique_rows,47,train,389
unique_rows,47,train,20
unique_rows,47,train,245
unique_rows,47,train,87
unique_rows,47,train,611
unique_rows,47,train,131
unique_rows,47,train,460
unique_rows,47,train,231
unique_rows,47,train,175
unique_rows,47,train,555
unique_rows,47,train,191
unique_rows,47,train,224
unique_rows,47,train,262
unique_rows,47,train,248
unique_rows,47,train,254
unique_rows,47,train,258
unique_rows,47,train,37
unique_rows,47,train,380
unique_rows,47,train,90
unique_rows,47,train,197
unique_rows,47,train,48
unique_rows,47,train,373
unique_rows,47,train,396
unique_rows,47,train,125
unique_rows,47,train,274
unique_rows,47,train,184
unique_rows,47,train,327
unique_rows,47,train,339
unique_rows,47,train,391
unique_rows,47,train,282
unique_rows,47,train,451
unique_rows,47,train,334
unique_rows,47,train,177
unique_rows,47,train,199
unique_rows,47,train,30
unique_rows,47,train,95
unique_rows,47,train,13
unique_rows,47,train,267
unique_rows,47,train,723
unique_rows,47,train,102
unique_rows,47,train,141
unique_rows,47,train,68
unique_rows,47,train,73
unique_rows,47,train,6
unique_rows,47,train,101
unique_rows,47,train,363
unique_rows,47,train,301
unique_rows,47,train,71
unique_rows,47,train,426
unique_rows,47,train,268
unique_rows,47,train,25
unique_rows,47,train,35
unique_rows,47,train,32
unique_rows,47,train,629
unique_rows,47,train,34
unique_rows,47,train,240
unique_rows,47,train,843
unique_rows,47,train,143
unique_rows,47,train,98
unique_rows,47,train,228
unique_rows,47,train,172
unique_rows,47,train,256
unique_rows,47,train,270
unique_rows,47,train,570
unique_rows,47,train,313
unique_rows,47,train,69
unique_rows,47,train,215
unique_rows,47,train,333
unique_rows,47,train,2
unique_rows,47,train,149
unique_rows,47,train,46
unique_rows,47,train,60
unique_rows,47,train,305
unique_rows,47,train,599
unique_rows,47,train,342
unique_rows,47,train,193
unique_rows,47,train,280
unique_rows,47,train,549
unique_rows,47,train,173
unique_rows,47,train,106
unique_rows,47,train,88
unique_rows,47,train,159
unique_rows,47,train,26
unique_rows,47,train,218
unique_rows,47,train,377
unique_rows,47,train,522
unique_rows,47,train,67
unique_rows,47,train,292
unique_rows,47,train,331
unique_rows,47,train,286
unique_rows,47,train,111
unique_rows,47,train,104
unique_rows,47,train,323
unique_rows,47,train,358
unique_rows,47,train,429
unique_rows,47,train,72
unique_rows,47,train,40
unique_rows,47,train,53
unique_rows,47,train,33
unique_rows,47,train,434
unique_rows,47,train,117
unique_rows,47,train,353
unique_rows,47,train,541
unique_rows,47,train,146
unique_rows,47,train,291
unique_rows,47,train,425
unique_rows,47,train,151
unique_rows,47,train,29
unique_rows,47,train,369
unique_rows,47,train,708
unique_rows,47,train,108
unique_rows,47,train,269
unique_rows,47,train,438
unique_rows,47,train,189
unique_rows,47,train,99
unique_rows,47,train,23
unique_rows,47,train,431
unique_rows,47,train,51
unique_rows,47,train,12
unique_rows,47,train,49
unique_rows,47,train,227
unique_rows,47,train,449
unique_rows,47,train,160
unique_rows,47,train,167
unique_rows,47,train,300
unique_rows,47,train,91
unique_rows,47,train,225
unique_rows,47,train,145
unique_rows,47,train,142
unique_rows,47,train,65
unique_rows,47,train,319
unique_rows,47,train,287
unique_rows,47,train,183
unique_rows,47,train,271
unique_rows,47,train,75
unique_rows,47,train,148
unique_rows,47,train,16
unique_rows,47,train,182
unique_rows,47,train,376
unique_rows,47,train,479
unique_rows,47,train,322
unique_rows,47,train,58
unique_rows,47,train,36
unique_rows,47,train,616
unique_rows,47,train,41
unique_rows,47,train,113
unique_rows,47,train,116
unique_rows,47,train,5
unique_rows,47,train,349
unique_rows,47,train,123
unique_rows,47,train,128
unique_rows,47,train,343
unique_rows,47,train,421
unique_rows,47,train,402
unique_rows,47,train,196
unique_rows,47,train,473
unique_rows,47,train,205
unique_rows,47,train,163
unique_rows,47,train,628
unique_rows,47,train,122
unique_rows,47,train,7
unique_rows,47,train,297
unique_rows,47,train,536
unique_rows,47,train,169
unique_rows,47,train,633
unique_rows,47,train,47
unique_rows,47,train,299
unique_rows,47,train,472
unique_rows,47,train,367
unique_rows,47,train,129
unique_rows,47,train,85
unique_rows,47,train,56
unique_rows,47,train,19
unique_rows,47,train,28
unique_rows,47,train,582
unique_rows,47,train,652
unique_rows,47,train,135
unique_rows,47,train,198
unique_rows,47,train,512
unique_rows,47,train,14
unique_rows,47,train,76
unique_rows,47,train,54
unique_rows,47,train,643
unique_rows,47,train,260
unique_rows,47,train,17
unique_rows,47,train,78
unique_rows,47,train,156
unique_rows,47,train,168
unique_rows,47,train,530
unique_rows,47,train,374
unique_rows,47,train,81
unique_rows,47,train,27
unique_rows,47,train,366
unique_rows,47,train,212
unique_rows,47,train,59
unique_rows,47,train,279
unique_rows,47,train,498
unique_rows,47,train,495
unique_rows,47,test,210
unique_rows,47,test,356
unique_rows,47,test,144
unique_rows,47,test,720
unique_rows,47,test,244
unique_rows,47,test,521
unique_rows,47,test,739
unique_rows,47,test,533
unique_rows,47,test,332
unique_rows,47,test,437
unique_rows,47,test,276
unique_rows,47,test,50
unique_rows,47,test,384
unique_rows,47,test,234
unique_rows,47,test,694
unique_rows,47,test,166
unique_rows,47,test,110
unique_rows,47,test,57
unique_rows,47,test,66
unique_rows,47,test,348
unique_rows,47,test,255
unique_rows,47,test,252
unique_rows,47,test,119
unique_rows,47,test,105
unique_rows,47,test,368
unique_rows,47,test,42
unique_rows,47,test,382
unique_rows,47,test,232
unique_rows,47,test,158
unique_rows,47,test,427
unique_rows,47,test,89
unique_rows,47,test,566
unique_rows,47,test,124
unique_rows,47,test,450
unique_rows,47,test,719
unique_rows,47,test,528
unique_rows,47,test,190
unique_rows,47,test,109
unique_rows,47,test,45
unique_rows,47,test,107
unique_rows,47,test,147
unique_rows,47,test,355
unique_rows,47,test,174
unique_rows,47,test,878
unique_rows,47,test,361
unique_rows,47,test,96
unique_rows,47,test,288
unique_rows,47,test,114
unique_rows,47,test,194
unique_rows,47,test,22
unique_rows,47,test,139
unique_rows,47,test,733
unique_rows,47,test,321
unique_rows,47,test,171
unique_rows,47,test,304
unique_rows,47,test,80
unique_rows,47,test,233
unique_rows,47,test,9
unique_rows,47,test,580
unique_rows,47,test,21
unique_rows,47,test,8
unique_rows,48,train,739
unique_rows,48,train,337
unique_rows,48,train,73
unique_rows,48,train,148
unique_rows,48,train,232
unique_rows,48,train,199
unique_rows,48,train,24
unique_rows,48,train,291
unique_rows,48,train,391
unique_rows,48,train,342
unique_rows,48,train,4
unique_rows,48,train,380
unique_rows,48,train,719
unique_rows,48,train,267
unique_rows,48,train,33
unique_rows,48,train,216
unique_rows,48,train,268
unique_rows,48,train,174
unique_rows,48,train,65
unique_rows,48,train,255
unique_rows,48,train,90
unique_rows,48,train,628
unique_rows,48,train,183
unique_rows,48,train,580
unique_rows,48,train,451
unique_rows,48,train,163
unique_rows,48,train,88
unique_rows,48,train,175
unique_rows,48,train,218
unique_rows,48,train,37
unique_rows,48,train,62
unique_rows,48,train,99
unique_rows,48,train,104
unique_rows,48,train,437
unique_rows,48,train,231
unique_rows,48,train,332
unique_rows,48,train,495
unique_rows,48,train,45
unique_rows,48,train,431
unique_rows,48,train,611
unique_rows,48,train,248
unique_rows,48,train,594
unique_rows,48,train,270
unique_rows,48,train,373
unique_rows,48,train,23
unique_rows,48,train,17
unique_rows,48,train,81
unique_rows,48,train,205
unique_rows,48,train,358
unique_rows,48,train,8
unique_rows,48,train,333
unique_rows,48,train,109
unique_rows,48,train,197
unique_rows,48,train,434
unique_rows,48,train,460
unique_rows,48,train,47
unique_rows,48,train,366
unique_rows,48,train,1
unique_rows,48,train,111
unique_rows,48,train,215
unique_rows,48,train,212
unique_rows,48,train,21
unique_rows,48,train,160
unique_rows,48,train,167
unique_rows,48,train,237
unique_rows,48,train,19
unique_rows,48,train,368
unique_rows,48,train,429
unique_rows,48,train,282
unique_rows,48,train,369
unique_rows,48,train,20
unique_rows,48,train,479
unique_rows,48,train,96
unique_rows,48,train,85
unique_rows,48,train,427
unique_rows,48,train,41
unique_rows,48,train,189
unique_rows,48,train,287
unique_rows,48,train,327
unique_rows,48,train,279
unique_rows,48,train,154
unique_rows,48,train,280
unique_rows,48,train,191
unique_rows,48,train,288
unique_rows,48,train,77
unique_rows,48,train,389
unique_rows,48,train,313
unique_rows,48,train,194
unique_rows,48,train,129
unique_rows,48,train,171
unique_rows,48,train,549
unique_rows,48,train,533
unique_rows,48,train,343
unique_rows,48,train,102
unique_rows,48,train,67
unique_rows,48,train,156
unique_rows,48,train,94
unique_rows,48,train,22
unique_rows,48,train,276
unique_rows,48,train,159
unique_rows,48,train,113
unique_rows,48,train,143
unique_rows,48,train,361
unique_rows,48,train,116
unique_rows,48,train,184
unique_rows,48,train,18
unique_rows,48,train,878
unique_rows,48,train,5
unique_rows,48,train,426
unique_rows,48,train,190
unique_rows,48,train,29
unique_rows,48,train,708
unique_rows,48,train,694
unique_rows,48,train,11
unique_rows,48,train,239
unique_rows,48,train,147
unique_rows,48,train,377
unique_rows,48,train,234
unique_rows,48,train,87
unique_rows,48,train,179
unique_rows,48,train,68
unique_rows,48,train,72
unique_rows,48,train,227
unique_rows,48,train,10
unique_rows,48,train,606
unique_rows,48,train,512
unique_rows,48,train,356
unique_rows,48,train,39
unique_rows,48,train,16
unique_rows,48,train,233
unique_rows,48,train,6
unique_rows,48,train,382
unique_rows,48,train,299
unique_rows,48,train,101
unique_rows,48,train,168
unique_rows,48,train,26
unique_rows,48,train,100
unique_rows,48,train,331
unique_rows,48,train,292
unique_rows,48,train,71
unique_rows,48,train,322
unique_rows,48,train,305
unique_rows,48,train,570
unique_rows,48,train,643
unique_rows,48,train,473
unique_rows,48,train,170
unique_rows,48,train,616
unique_rows,48,train,34
unique_rows,48,train,141
unique_rows,48,train,720
unique_rows,48,train,173
unique_rows,48,train,271
unique_rows,48,train,74
unique_rows,48,train,28
unique_rows,48,train,91
unique_rows,48,train,177
unique_rows,48,train,95
unique_rows,48,train,530
unique_rows,48,train,40
unique_rows,48,train,131
unique_rows,48,train,142
unique_rows,48,train,528
unique_rows,48,train,843
unique_rows,48,train,2
unique_rows,48,train,50
unique_rows,48,train,309
unique_rows,48,train,161
unique_rows,48,train,185
unique_rows,48,train,124
unique_rows,48,train,3
unique_rows,48,train,555
unique_rows,48,train,152
unique_rows,48,train,80
unique_rows,48,train,240
unique_rows,48,train,158
unique_rows,48,train,57
unique_rows,48,train,421
unique_rows,48,train,51
unique_rows,48,train,119
unique_rows,48,train,328
unique_rows,48,train,166
unique_rows,48,train,269
unique_rows,48,train,149
unique_rows,48,train,210
unique_rows,48,train,224
unique_rows,48,train,733
unique_rows,48,train,63
unique_rows,48,train,114
unique_rows,48,train,353
unique_rows,48,train,58
unique_rows,48,train,286
unique_rows,48,train,137
unique_rows,48,train,98
unique_rows,48,train,297
unique_rows,48,train,52
unique_rows,48,train,32
unique_rows,48,train,252
unique_rows,48,train,117
unique_rows,48,train,262
unique_rows,48,train,220
unique_rows,48,train,498
unique_rows,48,train,107
unique_rows,48,train,44
unique_rows,48,train,348
unique_rows,48,train,541
unique_rows,48,train,652
unique_rows,48,train,203
unique_rows,48,train,228
unique_rows,48,train,376
unique_rows,48,train,301
unique_rows,48,train,300
unique_rows,48,train,78
unique_rows,48,train,402
unique_rows,48,train,182
unique_rows,48,train,13
unique_rows,48,train,425
unique_rows,48,train,106
unique_rows,48,train,9
unique_rows,48,train,582
unique_rows,48,train,144
unique_rows,48,train,42
unique_rows,48,train,367
unique_rows,48,train,139
unique_rows,48,train,599
unique_rows,48,train,105
unique_rows,48,train,140
unique_rows,48,train,723
unique_rows,48,train,438
unique_rows,48,train,472
unique_rows,48,train,14
unique_rows,48,train,172
unique_rows,48,train,125
unique_rows,48,train,70
unique_rows,48,train,274
unique_rows,48,train,450
unique_rows,48,train,355
unique_rows,48,train,225
unique_rows,48,train,396
unique_rows,48,train,323
unique_rows,48,train,521
unique_rows,48,train,25
unique_rows,48,test,145
unique_rows,48,test,7
unique_rows,48,test,244
unique_rows,48,test,53
unique_rows,48,test,536
unique_rows,48,test,12
unique_rows,48,test,245
unique_rows,48,test,0
unique_rows,48,test,54
unique_rows,48,test,66
unique_rows,48,test,339
unique_rows,48,test,254
unique_rows,48,test,135
unique_rows,48,test,151
unique_rows,48,test,169
unique_rows,48,test,320
unique_rows,48,test,363
unique_rows,48,test,59
unique_rows,48,test,97
unique_rows,48,test,36
unique_rows,48,test,69
unique_rows,48,test,49
unique_rows,48,test,198
unique_rows,48,test,449
unique_rows,48,test,196
unique_rows,48,test,256
unique_rows,48,test,260
unique_rows,48,test,522
unique_rows,48,test,374
unique_rows,48,test,123
unique_rows,48,test,566
unique_rows,48,test,38
unique_rows,48,test,193
unique_rows,48,test,76
unique_rows,48,test,110
unique_rows,48,test,321
unique_rows,48,test,126
unique_rows,48,test,146
unique_rows,48,test,46
unique_rows,48,test,633
unique_rows,48,test,56
unique_rows,48,test,75
unique_rows,48,test,128
unique_rows,48,test,30
unique_rows,48,test,108
unique_rows,48,test,258
unique_rows,48,test,122
unique_rows,48,test,384
unique_rows,48,test,349
unique_rows,48,test,319
unique_rows,48,test,334
unique_rows,48,test,629
unique_rows,48,test,27
unique_rows,48,test,304
unique_rows,48,test,35
unique_rows,48,test,48
unique_rows,48,test,691
unique_rows,48,test,281
unique_rows,48,test,181
unique_rows,48,test,60
unique_rows,48,test,89
unique_rows,49,train,10
unique_rows,49,train,367
unique_rows,49,train,438
unique_rows,49,train,143
unique_rows,49,train,297
unique_rows,49,train,170
unique_rows,49,train,288
unique_rows,49,train,142
unique_rows,49,train,175
unique_rows,49,train,129
unique_rows,49,train,45
unique_rows,49,train,720
unique_rows,49,train,111
unique_rows,49,train,739
unique_rows,49,train,137
unique_rows,49,train,349
unique_rows,49,train,363
unique_rows,49,train,220
unique_rows,49,train,287
unique_rows,49,train,522
unique_rows,49,train,81
unique_rows,49,train,232
unique_rows,49,train,107
unique_rows,49,train,197
unique_rows,49,train,95
unique_rows,49,train,331
unique_rows,49,train,44
unique_rows,49,train,328
unique_rows,49,train,304
unique_rows,49,train,145
unique_rows,49,train,280
unique_rows,49,train,449
unique_rows,49,train,369
unique_rows,49,train,168
unique_rows,49,train,147
unique_rows,49,train,437
unique_rows,49,train,431
unique_rows,49,train,691
unique_rows,49,train,451
unique_rows,49,train,80
unique_rows,49,train,580
unique_rows,49,train,0
unique_rows,49,train,26
unique_rows,49,train,611
unique_rows,49,train,512
unique_rows,49,train,25
unique_rows,49,train,239
unique_rows,49,train,149
unique_rows,49,train,49
unique_rows,49,train,144
unique_rows,49,train,528
unique_rows,49,train,37
unique_rows,49,train,51
unique_rows,49,train,321
unique_rows,49,train,224
unique_rows,49,train,233
unique_rows,49,train,301
unique_rows,49,train,106
unique_rows,49,train,100
unique_rows,49,train,377
unique_rows,49,train,473
unique_rows,49,train,3
unique_rows,49,train,343
unique_rows,49,train,309
unique_rows,49,train,382
unique_rows,49,train,358
unique_rows,49,train,376
unique_rows,49,train,355
unique_rows,49,train,41
unique_rows,49,train,12
unique_rows,49,train,101
unique_rows,49,train,58
unique_rows,49,train,193
unique_rows,49,train,260
unique_rows,49,train,158
unique_rows,49,train,16
unique_rows,49,train,125
unique_rows,49,train,47
unique_rows,49,train,300
unique_rows,49,train,279
unique_rows,49,train,319
unique_rows,49,train,215
unique_rows,49,train,177
unique_rows,49,train,54
unique_rows,49,train,104
unique_rows,49,train,366
unique_rows,49,train,570
unique_rows,49,train,9
unique_rows,49,train,161
unique_rows,49,train,91
unique_rows,49,train,117
unique_rows,49,train,50
unique_rows,49,train,63
unique_rows,49,train,152
unique_rows,49,train,708
unique_rows,49,train,183
unique_rows,49,train,33
unique_rows,49,train,267
unique_rows,49,train,23
unique_rows,49,train,139
unique_rows,49,train,56
unique_rows,49,train,97
unique_rows,49,train,498
unique_rows,49,train,20
unique_rows,49,train,212
unique_rows,49,train,255
unique_rows,49,train,108
unique_rows,49,train,11
unique_rows,49,train,425
unique_rows,49,train,843
unique_rows,49,train,78
unique_rows,49,train,594
unique_rows,49,train,22
unique_rows,49,train,57
unique_rows,49,train,173
unique_rows,49,train,116
unique_rows,49,train,256
unique_rows,49,train,59
unique_rows,49,train,24
unique_rows,49,train,434
unique_rows,49,train,616
unique_rows,49,train,231
unique_rows,49,train,53
unique_rows,49,train,555
unique_rows,49,train,87
unique_rows,49,train,163
unique_rows,49,train,190
unique_rows,49,train,89
unique_rows,49,train,65
unique_rows,49,train,521
unique_rows,49,train,46
unique_rows,49,train,361
unique_rows,49,train,203
unique_rows,49,train,8
unique_rows,49,train,96
unique_rows,49,train,271
unique_rows,49,train,52
unique_rows,49,train,151
unique_rows,49,train,652
unique_rows,49,train,184
unique_rows,49,train,396
unique_rows,49,train,237
unique_rows,49,train,172
unique_rows,49,train,210
unique_rows,49,train,599
unique_rows,49,train,305
unique_rows,49,train,337
unique_rows,49,train,252
unique_rows,49,train,339
unique_rows,49,train,719
unique_rows,49,train,194
unique_rows,49,train,17
unique_rows,49,train,146
unique_rows,49,train,225
unique_rows,49,train,126
unique_rows,49,train,35
unique_rows,49,train,13
unique_rows,49,train,6
unique_rows,49,train,348
unique_rows,49,train,472
unique_rows,49,train,426
unique_rows,49,train,128
unique_rows,49,train,450
unique_rows,49,train,281
unique_rows,49,train,495
unique_rows,49,train,88
unique_rows,49,train,269
unique_rows,49,train,166
unique_rows,49,train,19
unique_rows,49,train,299
unique_rows,49,train,533
unique_rows,49,train,185
unique_rows,49,train,167
unique_rows,49,train,633
unique_rows,49,train,322
unique_rows,49,train,99
unique_rows,49,train,32
unique_rows,49,train,878
unique_rows,49,train,113
unique_rows,49,train,373
unique_rows,49,train,198
unique_rows,49,train,114
unique_rows,49,train,70
unique_rows,49,train,14
unique_rows,49,train,268
unique_rows,49,train,254
unique_rows,49,train,105
unique_rows,49,train,196
unique_rows,49,train,391
unique_rows,49,train,240
unique_rows,49,train,356
unique_rows,49,train,66
unique_rows,49,train,333
unique_rows,49,train,421
unique_rows,49,train,94
unique_rows,49,train,73
unique_rows,49,train,276
unique_rows,49,train,27
unique_rows,49,train,733
unique_rows,49,train,606
unique_rows,49,train,460
unique_rows,49,train,216
unique_rows,49,train,643
unique_rows,49,train,42
unique_rows,49,train,353
unique_rows,49,train,159
unique_rows,49,train,1
unique_rows,49,train,38
unique_rows,49,train,28
unique_rows,49,train,29
unique_rows,49,train,39
unique_rows,49,train,7
unique_rows,49,train,332
unique_rows,49,train,102
unique_rows,49,train,262
unique_rows,49,train,98
unique_rows,49,train,156
unique_rows,49,train,334
unique_rows,49,train,291
unique_rows,49,train,368
unique_rows,49,train,60
unique_rows,49,train,389
unique_rows,49,train,245
unique_rows,49,train,205
unique_rows,49,train,429
unique_rows,49,train,286
unique_rows,49,train,541
unique_rows,49,train,274
unique_rows,49,train,72
unique_rows,49,train,18
unique_rows,49,train,30
unique_rows,49,train,148
unique_rows,49,train,69
unique_rows,49,train,123
unique_rows,49,train,2
unique_rows,49,train,218
unique_rows,49,train,234
unique_rows,49,train,110
unique_rows,49,train,427
unique_rows,49,train,248
unique_rows,49,train,109
unique_rows,49,test,119
unique_rows,49,test,179
unique_rows,49,test,135
unique_rows,49,test,5
unique_rows,49,test,174
unique_rows,49,test,4
unique_rows,49,test,723
unique_rows,49,test,68
unique_rows,49,test,530
unique_rows,49,test,75
unique_rows,49,test,323
unique_rows,49,test,76
unique_rows,49,test,479
unique_rows,49,test,140
unique_rows,49,test,244
unique_rows,49,test,62
unique_rows,49,test,227
unique_rows,49,test,549
unique_rows,49,test,380
unique_rows,49,test,327
unique_rows,49,test,182
unique_rows,49,test,402
unique_rows,49,test,122
unique_rows,49,test,629
unique_rows,49,test,342
unique_rows,49,test,85
unique_rows,49,test,313
unique_rows,49,test,566
unique_rows,49,test,536
unique_rows,49,test,181
unique_rows,49,test,131
unique_rows,49,test,292
unique_rows,49,test,40
unique_rows,49,test,258
unique_rows,49,test,34
unique_rows,49,test,628
unique_rows,49,test,67
unique_rows,49,test,77
unique_rows,49,test,694
unique_rows,49,test,21
unique_rows,49,test,74
unique_rows,49,test,320
unique_rows,49,test,384
unique_rows,49,test,154
unique_rows,49,test,141
unique_rows,49,test,71
unique_rows,49,test,228
unique_rows,49,test,48
unique_rows,49,test,374
unique_rows,49,test,270
unique_rows,49,test,160
unique_rows,49,test,36
unique_rows,49,test,191
unique_rows,49,test,169
unique_rows,49,test,171
unique_rows,49,test,189
unique_rows,49,test,282
unique_rows,49,test,124
unique_rows,49,test,90
unique_rows,49,test,199
unique_rows,49,test,582
unique_rows,50,train,377
unique_rows,50,train,27
unique_rows,50,train,9
unique_rows,50,train,276
unique_rows,50,train,91
unique_rows,50,train,570
unique_rows,50,train,582
unique_rows,50,train,16
unique_rows,50,train,60
unique_rows,50,train,8
unique_rows,50,train,334
unique_rows,50,train,203
unique_rows,50,train,179
unique_rows,50,train,194
unique_rows,50,train,108
unique_rows,50,train,177
unique_rows,50,train,131
unique_rows,50,train,356
unique_rows,50,train,182
unique_rows,50,train,35
unique_rows,50,train,96
unique_rows,50,train,10
unique_rows,50,train,21
unique_rows,50,train,116
unique_rows,50,train,170
unique_rows,50,train,300
unique_rows,50,train,13
unique_rows,50,train,279
unique_rows,50,train,148
unique_rows,50,train,53
unique_rows,50,train,141
unique_rows,50,train,47
unique_rows,50,train,184
unique_rows,50,train,23
unique_rows,50,train,368
unique_rows,50,train,59
unique_rows,50,train,105
unique_rows,50,train,183
unique_rows,50,train,274
unique_rows,50,train,111
unique_rows,50,train,270
unique_rows,50,train,691
unique_rows,50,train,472
unique_rows,50,train,384
unique_rows,50,train,271
unique_rows,50,train,158
unique_rows,50,train,26
unique_rows,50,train,65
unique_rows,50,train,427
unique_rows,50,train,85
unique_rows,50,train,193
unique_rows,50,train,723
unique_rows,50,train,301
unique_rows,50,train,74
unique_rows,50,train,878
unique_rows,50,train,528
unique_rows,50,train,46
unique_rows,50,train,594
unique_rows,50,train,189
unique_rows,50,train,580
unique_rows,50,train,353
unique_rows,50,train,140
unique_rows,50,train,282
unique_rows,50,train,733
unique_rows,50,train,225
unique_rows,50,train,143
unique_rows,50,train,101
unique_rows,50,train,606
unique_rows,50,train,361
unique_rows,50,train,460
unique_rows,50,train,331
unique_rows,50,train,451
unique_rows,50,train,49
unique_rows,50,train,533
unique_rows,50,train,376
unique_rows,50,train,119
unique_rows,50,train,151
unique_rows,50,train,28
unique_rows,50,train,81
unique_rows,50,train,109
unique_rows,50,train,54
unique_rows,50,train,17
unique_rows,50,train,125
unique_rows,50,train,322
unique_rows,50,train,24
unique_rows,50,train,269
unique_rows,50,train,228
unique_rows,50,train,102
unique_rows,50,train,71
unique_rows,50,train,199
unique_rows,50,train,429
unique_rows,50,train,305
unique_rows,50,train,75
unique_rows,50,train,421
unique_rows,50,train,124
unique_rows,50,train,34
unique_rows,50,train,174
unique_rows,50,train,328
unique_rows,50,train,232
unique_rows,50,train,104
unique_rows,50,train,173
unique_rows,50,train,48
unique_rows,50,train,77
unique_rows,50,train,40
unique_rows,50,train,299
unique_rows,50,train,142
unique_rows,50,train,1
unique_rows,50,train,128
unique_rows,50,train,234
unique_rows,50,train,122
unique_rows,50,train,512
unique_rows,50,train,719
unique_rows,50,train,78
unique_rows,50,train,113
unique_rows,50,train,0
unique_rows,50,train,129
unique_rows,50,train,6
unique_rows,50,train,425
unique_rows,50,train,652
unique_rows,50,train,237
unique_rows,50,train,287
unique_rows,50,train,123
unique_rows,50,train,99
unique_rows,50,train,267
unique_rows,50,train,147
unique_rows,50,train,56
unique_rows,50,train,4
unique_rows,50,train,694
unique_rows,50,train,90
unique_rows,50,train,449
unique_rows,50,train,549
unique_rows,50,train,14
unique_rows,50,train,212
unique_rows,50,train,536
unique_rows,50,train,100
unique_rows,50,train,380
unique_rows,50,train,297
unique_rows,50,train,327
unique_rows,50,train,369
unique_rows,50,train,11
unique_rows,50,train,98
unique_rows,50,train,57
unique_rows,50,train,36
unique_rows,50,train,367
unique_rows,50,train,473
unique_rows,50,train,45
unique_rows,50,train,248
unique_rows,50,train,358
unique_rows,50,train,231
unique_rows,50,train,320
unique_rows,50,train,42
unique_rows,50,train,152
unique_rows,50,train,495
unique_rows,50,train,175
unique_rows,50,train,239
unique_rows,50,train,172
unique_rows,50,train,215
unique_rows,50,train,343
unique_rows,50,train,319
unique_rows,50,train,843
unique_rows,50,train,72
unique_rows,50,train,190
unique_rows,50,train,708
unique_rows,50,train,19
unique_rows,50,train,216
unique_rows,50,train,167
unique_rows,50,train,611
unique_rows,50,train,50
unique_rows,50,train,196
unique_rows,50,train,161
unique_rows,50,train,521
unique_rows,50,train,363
unique_rows,50,train,160
unique_rows,50,train,38
unique_rows,50,train,3
unique_rows,50,train,240
unique_rows,50,train,25
unique_rows,50,train,255
unique_rows,50,train,337
unique_rows,50,train,256
unique_rows,50,train,233
unique_rows,50,train,391
unique_rows,50,train,117
unique_rows,50,train,5
unique_rows,50,train,396
unique_rows,50,train,382
unique_rows,50,train,739
unique_rows,50,train,555
unique_rows,50,train,450
unique_rows,50,train,88
unique_rows,50,train,197
unique_rows,50,train,629
unique_rows,50,train,374
unique_rows,50,train,339
unique_rows,50,train,245
unique_rows,50,train,20
unique_rows,50,train,309
unique_rows,50,train,114
unique_rows,50,train,69
unique_rows,50,train,107
unique_rows,50,train,479
unique_rows,50,train,355
unique_rows,50,train,220
unique_rows,50,train,126
unique_rows,50,train,97
unique_rows,50,train,89
unique_rows,50,train,171
unique_rows,50,train,292
unique_rows,50,train,58
unique_rows,50,train,18
unique_rows,50,train,135
unique_rows,50,train,288
unique_rows,50,train,44
unique_rows,50,train,227
unique_rows,50,train,323
unique_rows,50,train,137
unique_rows,50,train,22
unique_rows,50,train,168
unique_rows,50,train,260
unique_rows,50,train,73
unique_rows,50,train,191
unique_rows,50,train,426
unique_rows,50,train,280
unique_rows,50,train,244
unique_rows,50,train,30
unique_rows,50,train,268
unique_rows,50,train,566
unique_rows,50,train,29
unique_rows,50,train,159
unique_rows,50,train,348
unique_rows,50,train,431
unique_rows,50,train,94
unique_rows,50,train,205
unique_rows,50,train,41
unique_rows,50,train,321
unique_rows,50,train,76
unique_rows,50,train,332
unique_rows,50,train,281
unique_rows,50,train,110
unique_rows,50,train,530
unique_rows,50,train,434
unique_rows,50,test,181
unique_rows,50,test,210
unique_rows,50,test,366
unique_rows,50,test,7
unique_rows,50,test,720
unique_rows,50,test,62
unique_rows,50,test,541
unique_rows,50,test,95
unique_rows,50,test,52
unique_rows,50,test,599
unique_rows,50,test,149
unique_rows,50,test,373
unique_rows,50,test,286
unique_rows,50,test,252
unique_rows,50,test,156
unique_rows,50,test,63
unique_rows,50,test,87
unique_rows,50,test,169
unique_rows,50,test,633
unique_rows,50,test,498
unique_rows,50,test,68
unique_rows,50,test,389
unique_rows,50,test,144
unique_rows,50,test,145
unique_rows,50,test,70
unique_rows,50,test,66
unique_rows,50,test,80
unique_rows,50,test,218
unique_rows,50,test,32
unique_rows,50,test,198
unique_rows,50,test,37
unique_rows,50,test,12
unique_rows,50,test,254
unique_rows,50,test,349
unique_rows,50,test,154
unique_rows,50,test,163
unique_rows,50,test,438
unique_rows,50,test,224
unique_rows,50,test,166
unique_rows,50,test,33
unique_rows,50,test,522
unique_rows,50,test,313
unique_rows,50,test,2
unique_rows,50,test,402
unique_rows,50,test,146
unique_rows,50,test,67
unique_rows,50,test,342
unique_rows,50,test,304
unique_rows,50,test,333
unique_rows,50,test,39
unique_rows,50,test,185
unique_rows,50,test,437
unique_rows,50,test,628
unique_rows,50,test,291
unique_rows,50,test,616
unique_rows,50,test,106
unique_rows,50,test,262
unique_rows,50,test,643
unique_rows,50,test,139
unique_rows,50,test,258
unique_rows,50,test,51
unique_rows,51,train,301
unique_rows,51,train,137
unique_rows,51,train,145
unique_rows,51,train,87
unique_rows,51,train,40
unique_rows,51,train,90
unique_rows,51,train,353
unique_rows,51,train,248
unique_rows,51,train,124
unique_rows,51,train,33
unique_rows,51,train,12
unique_rows,51,train,694
unique_rows,51,train,20
unique_rows,51,train,212
unique_rows,51,train,356
unique_rows,51,train,119
unique_rows,51,train,30
unique_rows,51,train,427
unique_rows,51,train,333
unique_rows,51,train,89
unique_rows,51,train,45
unique_rows,51,train,599
unique_rows,51,train,35
unique_rows,51,train,269
unique_rows,51,train,373
unique_rows,51,train,292
unique_rows,51,train,245
unique_rows,51,train,343
unique_rows,51,train,3
unique_rows,51,train,382
unique_rows,51,train,349
unique_rows,51,train,170
unique_rows,51,train,109
unique_rows,51,train,495
unique_rows,51,train,17
unique_rows,51,train,144
unique_rows,51,train,48
unique_rows,51,train,193
unique_rows,51,train,228
unique_rows,51,train,555
unique_rows,51,train,376
unique_rows,51,train,23
unique_rows,51,train,146
unique_rows,51,train,512
unique_rows,51,train,472
unique_rows,51,train,27
unique_rows,51,train,305
unique_rows,51,train,102
unique_rows,51,train,299
unique_rows,51,train,160
unique_rows,51,train,57
unique_rows,51,train,173
unique_rows,51,train,197
unique_rows,51,train,126
unique_rows,51,train,129
unique_rows,51,train,437
unique_rows,51,train,220
unique_rows,51,train,156
unique_rows,51,train,65
unique_rows,51,train,184
unique_rows,51,train,88
unique_rows,51,train,473
unique_rows,51,train,233
unique_rows,51,train,320
unique_rows,51,train,123
unique_rows,51,train,198
unique_rows,51,train,549
unique_rows,51,train,116
unique_rows,51,train,152
unique_rows,51,train,36
unique_rows,51,train,629
unique_rows,51,train,196
unique_rows,51,train,425
unique_rows,51,train,374
unique_rows,51,train,108
unique_rows,51,train,11
unique_rows,51,train,4
unique_rows,51,train,163
unique_rows,51,train,321
unique_rows,51,train,66
unique_rows,51,train,190
unique_rows,51,train,369
unique_rows,51,train,633
unique_rows,51,train,328
unique_rows,51,train,530
unique_rows,51,train,32
unique_rows,51,train,80
unique_rows,51,train,18
unique_rows,51,train,110
unique_rows,51,train,94
unique_rows,51,train,708
unique_rows,51,train,191
unique_rows,51,train,291
unique_rows,51,train,56
unique_rows,51,train,339
unique_rows,51,train,541
unique_rows,51,train,260
unique_rows,51,train,319
unique_rows,51,train,300
unique_rows,51,train,286
unique_rows,51,train,99
unique_rows,51,train,0
unique_rows,51,train,244
unique_rows,51,train,313
unique_rows,51,train,720
unique_rows,51,train,384
unique_rows,51,train,402
unique_rows,51,train,62
unique_rows,51,train,270
unique_rows,51,train,262
unique_rows,51,train,183
unique_rows,51,train,19
unique_rows,51,train,101
unique_rows,51,train,429
unique_rows,51,train,389
unique_rows,51,train,380
unique_rows,51,train,327
unique_rows,51,train,185
unique_rows,51,train,460
unique_rows,51,train,267
unique_rows,51,train,276
unique_rows,51,train,240
unique_rows,51,train,232
unique_rows,51,train,114
unique_rows,51,train,239
unique_rows,51,train,122
unique_rows,51,train,14
unique_rows,51,train,41
unique_rows,51,train,218
unique_rows,51,train,739
unique_rows,51,train,616
unique_rows,51,train,566
unique_rows,51,train,60
unique_rows,51,train,97
unique_rows,51,train,215
unique_rows,51,train,139
unique_rows,51,train,142
unique_rows,51,train,355
unique_rows,51,train,147
unique_rows,51,train,719
unique_rows,51,train,224
unique_rows,51,train,5
unique_rows,51,train,334
unique_rows,51,train,174
unique_rows,51,train,254
unique_rows,51,train,151
unique_rows,51,train,6
unique_rows,51,train,44
unique_rows,51,train,210
unique_rows,51,train,24
unique_rows,51,train,323
unique_rows,51,train,498
unique_rows,51,train,10
unique_rows,51,train,252
unique_rows,51,train,69
unique_rows,51,train,59
unique_rows,51,train,22
unique_rows,51,train,297
unique_rows,51,train,332
unique_rows,51,train,256
unique_rows,51,train,104
unique_rows,51,train,34
unique_rows,51,train,100
unique_rows,51,train,29
unique_rows,51,train,431
unique_rows,51,train,279
unique_rows,51,train,172
unique_rows,51,train,691
unique_rows,51,train,154
unique_rows,51,train,175
unique_rows,51,train,287
unique_rows,51,train,570
unique_rows,51,train,205
unique_rows,51,train,181
unique_rows,51,train,368
unique_rows,51,train,199
unique_rows,51,train,189
unique_rows,51,train,26
unique_rows,51,train,258
unique_rows,51,train,179
unique_rows,51,train,377
unique_rows,51,train,21
unique_rows,51,train,304
unique_rows,51,train,451
unique_rows,51,train,611
unique_rows,51,train,274
unique_rows,51,train,322
unique_rows,51,train,522
unique_rows,51,train,282
unique_rows,51,train,878
unique_rows,51,train,171
unique_rows,51,train,358
unique_rows,51,train,1
unique_rows,51,train,166
unique_rows,51,train,271
unique_rows,51,train,9
unique_rows,51,train,288
unique_rows,51,train,363
unique_rows,51,train,843
unique_rows,51,train,46
unique_rows,51,train,158
unique_rows,51,train,533
unique_rows,51,train,177
unique_rows,51,train,107
unique_rows,51,train,8
unique_rows,51,train,106
unique_rows,51,train,42
unique_rows,51,train,168
unique_rows,51,train,337
unique_rows,51,train,78
unique_rows,51,train,280
unique_rows,51,train,25
unique_rows,51,train,125
unique_rows,51,train,98
unique_rows,51,train,95
unique_rows,51,train,194
unique_rows,51,train,51
unique_rows,51,train,38
unique_rows,51,train,149
unique_rows,51,train,39
unique_rows,51,train,723
unique_rows,51,train,141
unique_rows,51,train,76
unique_rows,51,train,169
unique_rows,51,train,628
unique_rows,51,train,594
unique_rows,51,train,75
unique_rows,51,train,161
unique_rows,51,train,140
unique_rows,51,train,479
unique_rows,51,train,309
unique_rows,51,train,63
unique_rows,51,train,391
unique_rows,51,train,2
unique_rows,51,train,366
unique_rows,51,train,58
unique_rows,51,train,50
unique_rows,51,train,237
unique_rows,51,train,528
unique_rows,51,train,73
unique_rows,51,train,227
unique_rows,51,test,111
unique_rows,51,test,135
unique_rows,51,test,231
unique_rows,51,test,54
unique_rows,51,test,105
unique_rows,51,test,342
unique_rows,51,test,182
unique_rows,51,test,367
unique_rows,51,test,159
unique_rows,51,test,128
unique_rows,51,test,536
unique_rows,51,test,70
unique_rows,51,test,434
unique_rows,51,test,438
unique_rows,51,test,733
unique_rows,51,test,450
unique_rows,51,test,203
unique_rows,51,test,81
unique_rows,51,test,426
unique_rows,51,test,331
unique_rows,51,test,449
unique_rows,51,test,396
unique_rows,51,test,361
unique_rows,51,test,49
unique_rows,51,test,652
unique_rows,51,test,580
unique_rows,51,test,216
unique_rows,51,test,117
unique_rows,51,test,113
unique_rows,51,test,67
unique_rows,51,test,71
unique_rows,51,test,53
unique_rows,51,test,16
unique_rows,51,test,643
unique_rows,51,test,68
unique_rows,51,test,74
unique_rows,51,test,167
unique_rows,51,test,47
unique_rows,51,test,96
unique_rows,51,test,268
unique_rows,51,test,143
unique_rows,51,test,85
unique_rows,51,test,13
unique_rows,51,test,255
unique_rows,51,test,37
unique_rows,51,test,521
unique_rows,51,test,91
unique_rows,51,test,225
unique_rows,51,test,28
unique_rows,51,test,348
unique_rows,51,test,72
unique_rows,51,test,131
unique_rows,51,test,52
unique_rows,51,test,234
unique_rows,51,test,148
unique_rows,51,test,77
unique_rows,51,test,281
unique_rows,51,test,421
unique_rows,51,test,7
unique_rows,51,test,582
unique_rows,51,test,606
