threshold,f2,precision,recall,distance_from_half,seed,selected
0.2,0.9090909090909091,0.7455621301775148,0.9618320610687023,0.3,42,False
0.25,0.9011627906976745,0.7560975609756098,0.9465648854961832,0.25,42,False
0.3,0.9117647058823529,0.7948717948717948,0.9465648854961832,0.2,42,False
0.35,0.9111111111111111,0.8145695364238411,0.9389312977099237,0.15000000000000002,42,False
0.4,0.9118086696562033,0.8413793103448276,0.9312977099236641,0.09999999999999998,42,True
0.45,0.8885542168674698,0.8428571428571429,0.9007633587786259,0.04999999999999999,42,False
0.5,0.8712121212121212,0.8455882352941176,0.8778625954198473,0.0,42,False
0.55,0.8536585365853658,0.8484848484848485,0.8549618320610687,0.050000000000000044,42,False
0.6,0.8243451463790447,0.856,0.816793893129771,0.09999999999999998,42,False
0.65,0.8009331259720062,0.865546218487395,0.7862595419847328,0.15000000000000002,42,False
0.7,0.7940251572327044,0.9017857142857143,0.7709923664122137,0.19999999999999996,42,False
0.75,0.7551669316375199,0.9047619047619048,0.7251908396946565,0.25,42,False
0.8,0.707395498392283,0.8979591836734694,0.6717557251908397,0.30000000000000004,42,False
0.2,0.9202898550724637,0.7650602409638554,0.9694656488549618,0.3,43,False
0.25,0.9229651162790697,0.774390243902439,0.9694656488549618,0.25,43,True
0.3,0.9117647058823529,0.7948717948717948,0.9465648854961832,0.2,43,False
0.35,0.9010339734121122,0.7973856209150327,0.9312977099236641,0.15000000000000002,43,False
0.4,0.9016393442622951,0.8231292517006803,0.9236641221374046,0.09999999999999998,43,False
0.45,0.9049773755656109,0.8633093525179856,0.916030534351145,0.04999999999999999,43,False
0.5,0.9001512859304085,0.8686131386861314,0.9083969465648855,0.0,43,False
0.55,0.8966565349544073,0.8805970149253731,0.9007633587786259,0.050000000000000044,43,False
0.6,0.8728943338437979,0.8837209302325582,0.8702290076335878,0.09999999999999998,43,False
0.65,0.8423493044822257,0.8861788617886179,0.8320610687022901,0.15000000000000002,43,False
0.7,0.8018867924528302,0.9107142857142857,0.7786259541984732,0.19999999999999996,43,False
0.75,0.7575757575757576,0.9223300970873787,0.7251908396946565,0.25,43,False
0.8,0.698051948051948,0.9347826086956522,0.6564885496183206,0.30000000000000004,43,False
0.2,0.9051724137931034,0.7325581395348837,0.9618320610687023,0.3,44,True
0.25,0.888728323699422,0.7321428571428571,0.9389312977099237,0.25,44,False
0.3,0.8879184861717613,0.7484662576687117,0.9312977099236641,0.2,44,False
0.35,0.8875739644970414,0.7894736842105263,0.916030534351145,0.15000000000000002,44,False
0.4,0.8941877794336811,0.8163265306122449,0.916030534351145,0.09999999999999998,44,False
0.45,0.8819133034379671,0.8137931034482758,0.9007633587786259,0.04999999999999999,44,False
0.5,0.8659638554216867,0.8214285714285714,0.8778625954198473,0.0,44,False
0.55,0.837138508371385,0.8270676691729323,0.8396946564885496,0.050000000000000044,44,False
0.6,0.7987711213517665,0.8188976377952756,0.7938931297709924,0.09999999999999998,44,False
0.65,0.7919254658385093,0.85,0.7786259541984732,0.15000000000000002,44,False
0.7,0.7819905213270142,0.908256880733945,0.7557251908396947,0.19999999999999996,44,False
0.75,0.7234726688102894,0.9183673469387755,0.6870229007633588,0.25,44,False
0.8,0.6781045751633987,0.9431818181818182,0.6335877862595419,0.30000000000000004,44,False
0.2,0.9104046242774566,0.75,0.9618320610687023,0.3,45,False
0.25,0.9077598828696926,0.779874213836478,0.9465648854961832,0.25,45,False
0.3,0.9124629080118695,0.82,0.9389312977099237,0.2,45,True
0.35,0.9016393442622951,0.8231292517006803,0.9236641221374046,0.15000000000000002,45,False
0.4,0.9009009009009009,0.8450704225352113,0.916030534351145,0.09999999999999998,45,False
0.45,0.8863636363636364,0.8602941176470589,0.8931297709923665,0.04999999999999999,45,False
0.5,0.8738601823708206,0.8582089552238806,0.8778625954198473,0.0,45,False
0.55,0.8715596330275229,0.8769230769230769,0.8702290076335878,0.050000000000000044,45,False
0.6,0.8487654320987654,0.8870967741935484,0.8396946564885496,0.09999999999999998,45,False
0.65,0.8112324492979719,0.8888888888888888,0.7938931297709924,0.15000000000000002,45,False
0.7,0.7886435331230284,0.9090909090909091,0.7633587786259542,0.19999999999999996,45,False
0.75,0.7631160572337043,0.9142857142857143,0.732824427480916,0.25,45,False
0.8,0.7303370786516854,0.9191919191919192,0.6946564885496184,0.30000000000000004,45,False
0.2,0.9044862518089725,0.7485029940119761,0.9541984732824428,0.3,46,False
0.25,0.9024745269286754,0.7607361963190185,0.9465648854961832,0.25,46,False
0.3,0.9064327485380117,0.775,0.9465648854961832,0.2,46,True
0.35,0.8962962962962963,0.8013245033112583,0.9236641221374046,0.15000000000000002,46,False
0.4,0.8841010401188707,0.7986577181208053,0.9083969465648855,0.09999999999999998,46,False
0.45,0.8893871449925261,0.8206896551724138,0.9083969465648855,0.04999999999999999,46,False
0.5,0.8685800604229608,0.8333333333333334,0.8778625954198473,0.0,46,False
0.55,0.8586626139817629,0.8432835820895522,0.8625954198473282,0.050000000000000044,46,False
0.6,0.8294930875576036,0.8503937007874016,0.8244274809160306,0.09999999999999998,46,False
0.65,0.7890625,0.8706896551724138,0.7709923664122137,0.15000000000000002,46,False
0.7,0.7637795275590551,0.8738738738738738,0.7404580152671756,0.19999999999999996,46,False
0.75,0.7416267942583732,0.9029126213592233,0.7099236641221374,0.25,46,False
0.8,0.6688417618270799,0.9213483146067416,0.6259541984732825,0.30000000000000004,46,False
0.2,0.9149855907780979,0.7470588235294118,0.9694656488549618,0.3,47,True
0.25,0.9084302325581395,0.7621951219512195,0.9541984732824428,0.25,47,False
0.3,0.9030837004405287,0.7834394904458599,0.9389312977099237,0.2,47,False
0.35,0.9010339734121122,0.7973856209150327,0.9312977099236641,0.15000000000000002,47,False
0.4,0.879284649776453,0.8027210884353742,0.9007633587786259,0.09999999999999998,47,False
0.45,0.8695652173913043,0.8111888111888111,0.8854961832061069,0.04999999999999999,47,False
0.5,0.8633633633633634,0.8098591549295775,0.8778625954198473,0.0,47,False
0.55,0.8547655068078669,0.8248175182481752,0.8625954198473282,0.050000000000000044,47,False
0.6,0.8396946564885496,0.8396946564885496,0.8396946564885496,0.09999999999999998,47,False
0.65,0.8294930875576036,0.8503937007874016,0.8244274809160306,0.15000000000000002,47,False
0.7,0.7853810264385692,0.8487394957983193,0.7709923664122137,0.19999999999999996,47,False
0.75,0.7436708860759493,0.8703703703703703,0.7175572519083969,0.25,47,False
0.8,0.6843800322061192,0.8762886597938144,0.648854961832061,0.30000000000000004,47,False
0.2,0.8972503617945007,0.7425149700598802,0.9465648854961832,0.3,48,False
0.25,0.8905109489051095,0.7577639751552795,0.9312977099236641,0.25,48,False
0.3,0.9010339734121122,0.7973856209150327,0.9312977099236641,0.2,48,True
0.35,0.8779761904761905,0.7972972972972973,0.9007633587786259,0.15000000000000002,48,False
0.4,0.8721804511278195,0.8226950354609929,0.8854961832061069,0.09999999999999998,48,False
0.45,0.8787878787878788,0.8529411764705882,0.8854961832061069,0.04999999999999999,48,False
0.5,0.8689024390243902,0.8636363636363636,0.8702290076335878,0.0,48,False
0.55,0.8525345622119815,0.8740157480314961,0.8473282442748091,0.050000000000000044,48,False
0.6,0.8294573643410853,0.8842975206611571,0.816793893129771,0.09999999999999998,48,False
0.65,0.7902973395931142,0.8782608695652174,0.7709923664122137,0.15000000000000002,48,False
0.7,0.7582938388625592,0.8807339449541285,0.732824427480916,0.19999999999999996,48,False
0.75,0.7527733755942948,0.8878504672897196,0.7251908396946565,0.25,48,False
0.8,0.6715210355987055,0.8829787234042553,0.6335877862595419,0.30000000000000004,48,False
0.2,0.8933717579250721,0.7294117647058823,0.9465648854961832,0.3,49,False
0.25,0.8938953488372093,0.75,0.9389312977099237,0.25,49,True
0.3,0.8823529411764706,0.7692307692307693,0.916030534351145,0.2,49,False
0.35,0.8801775147928994,0.7828947368421053,0.9083969465648855,0.15000000000000002,49,False
0.4,0.8718330849478391,0.7959183673469388,0.8931297709923665,0.09999999999999998,49,False
0.45,0.8383685800604229,0.8043478260869565,0.8473282442748091,0.04999999999999999,49,False
0.5,0.8270106221547799,0.8074074074074075,0.8320610687022901,0.0,49,False
0.55,0.7975460122699386,0.8125,0.7938931297709924,0.050000000000000044,49,False
0.6,0.7674418604651163,0.8181818181818182,0.7557251908396947,0.09999999999999998,49,False
0.65,0.7322834645669292,0.8378378378378378,0.7099236641221374,0.15000000000000002,49,False
0.7,0.7085987261146497,0.8557692307692307,0.6793893129770993,0.19999999999999996,49,False
0.75,0.6843800322061192,0.8762886597938144,0.648854961832061,0.25,49,False
0.8,0.6443719412724307,0.8876404494382022,0.6030534351145038,0.30000000000000004,49,False
0.2,0.8563134978229318,0.7151515151515152,0.9007633587786259,0.3,50,False
0.25,0.858806404657933,0.7239263803680982,0.9007633587786259,0.25,50,False
0.3,0.8516886930983847,0.7388535031847133,0.8854961832061069,0.2,50,False
0.35,0.8529411764705882,0.7435897435897436,0.8854961832061069,0.15000000000000002,50,False
0.4,0.8592592592592593,0.7682119205298014,0.8854961832061069,0.09999999999999998,50,True
0.45,0.852017937219731,0.7862068965517242,0.8702290076335878,0.04999999999999999,50,False
0.5,0.849772382397572,0.8296296296296296,0.8549618320610687,0.0,50,False
0.55,0.8307926829268293,0.8257575757575758,0.8320610687022901,0.050000000000000044,50,False
0.6,0.7870370370370371,0.8225806451612904,0.7786259541984732,0.09999999999999998,50,False
0.65,0.7770800627943485,0.8761061946902655,0.7557251908396947,0.15000000000000002,50,False
0.7,0.7472178060413355,0.8952380952380953,0.7175572519083969,0.19999999999999996,50,False
0.75,0.7096774193548387,0.9166666666666666,0.6717557251908397,0.25,50,False
0.8,0.639344262295082,0.9069767441860465,0.5954198473282443,0.30000000000000004,50,False
0.2,0.9163059163059163,0.7514792899408284,0.9694656488549618,0.3,51,True
0.25,0.9024745269286754,0.7607361963190185,0.9465648854961832,0.25,51,False
0.3,0.9057437407952872,0.7935483870967742,0.9389312977099237,0.2,51,False
0.35,0.8841010401188707,0.7986577181208053,0.9083969465648855,0.15000000000000002,51,False
0.4,0.8695652173913043,0.8111888111888111,0.8854961832061069,0.09999999999999998,51,False
0.45,0.8633633633633634,0.8098591549295775,0.8778625954198473,0.04999999999999999,51,False
0.5,0.8534743202416919,0.8188405797101449,0.8625954198473282,0.0,51,False
0.55,0.8384146341463414,0.8333333333333334,0.8396946564885496,0.050000000000000044,51,False
0.6,0.823076923076923,0.8492063492063492,0.816793893129771,0.09999999999999998,51,False
0.65,0.804953560371517,0.8524590163934426,0.7938931297709924,0.15000000000000002,51,False
0.7,0.7783018867924528,0.8839285714285714,0.7557251908396947,0.19999999999999996,51,False
0.75,0.7142857142857143,0.898989898989899,0.6793893129770993,0.25,51,False
0.8,0.6677524429967426,0.9111111111111111,0.6259541984732825,0.30000000000000004,51,False
